EVENT_ID,pred
24619,PAID
28548,RINGING
4351,NOT_CONTACTABLE
25826,RINGING
27187,PROMISE_TO_PAY
3328,NOT_WILLING_TO_PAY
22793,NOT_CONTACTABLE
5308,RINGING
17263,PROMISE_TO_PAY
14385,PROMISE_TO_PAY
23851,CASH_PICK_UP
3286,PAID
2583,NOT_CONTACTABLE
8799,FOLLOW_UP
27784,CASH_PICK_UP
9120,PROMISE_TO_PAY
10269,NOT_CONTACTABLE
9790,PROMISE_TO_PAY
9055,RINGING
20491,PROMISE_TO_PAY
29087,NOT_CONTACTABLE
12841,PAID
22742,NOT_CONTACTABLE
19221,RINGING
7325,RINGING
19097,CASH_PICK_UP
13068,RINGING
14717,CASH_PICK_UP
6192,FOLLOW_UP
22628,FOLLOW_UP
24567,RINGING
29095,RINGING
20082,PROMISE_TO_PAY
9845,PAID
6811,NOT_CONTACTABLE
20385,RINGING
14116,PROMISE_TO_PAY
26856,PAID
7098,NOT_CONTACTABLE
15391,PROMISE_TO_PAY
27172,RINGING
5104,FOLLOW_UP
4386,CASH_PICK_UP
8246,PROMISE_TO_PAY
16513,PAID
11357,CASH_PICK_UP
7972,PROMISE_TO_PAY
5921,NOT_CONTACTABLE
26355,FOLLOW_UP
8539,RINGING
20861,RINGING
18245,PAID
17247,RINGING
28913,PROMISE_TO_PAY
28604,PROMISE_TO_PAY
12931,PROMISE_TO_PAY
2422,FOLLOW_UP
17383,NOT_CONTACTABLE
19466,NOT_CONTACTABLE
27507,PROMISE_TO_PAY
28352,RINGING
29831,RINGING
20903,RINGING
5513,PROMISE_TO_PAY
13922,PROMISE_TO_PAY
9113,PROMISE_TO_PAY
3610,PAID
7068,NOT_CONTACTABLE
25519,CASH_PICK_UP
2728,PAID
25402,PAID
12519,PAID
23700,RINGING
14499,PAID
15041,CASH_PICK_UP
26553,PAID
3006,PROMISE_TO_PAY
16908,NOT_CONTACTABLE
12852,RINGING
24750,PAID
29127,FOLLOW_UP
6120,PROMISE_TO_PAY
11991,PAID
3920,PAID
2156,PAID
17547,RINGING
5449,FOLLOW_UP
12946,PROMISE_TO_PAY
21948,PAID
5820,RINGING
16546,PAID
5967,RINGING
16897,NOT_CONTACTABLE
18484,RINGING
23408,PAID
9653,FOLLOW_UP
7531,PROMISE_TO_PAY
22264,NOT_CONTACTABLE
9209,PAID
12062,PROMISE_TO_PAY
22310,CASH_PICK_UP
10623,RINGING
5469,NOT_CONTACTABLE
12787,NOT_CONTACTABLE
6354,RINGING
11740,RINGING
20497,RINGING
17747,PROMISE_TO_PAY
3495,PAID
20689,PAID
10417,PROMISE_TO_PAY
7948,FOLLOW_UP
11000,CASH_PICK_UP
18796,PAID
4985,CASH_PICK_UP
18973,PAID
16640,PROMISE_TO_PAY
6000,NOT_CONTACTABLE
29798,RINGING
9423,FOLLOW_UP
18101,CASH_PICK_UP
29882,NOT_CONTACTABLE
22827,RINGING
1619,PAID
13835,PROMISE_TO_PAY
26928,RINGING
12706,RINGING
24086,NOT_CONTACTABLE
25157,RINGING
19081,CASH_PICK_UP
12243,RINGING
5275,PROMISE_TO_PAY
24604,PAID
15422,PROMISE_TO_PAY
5856,PAID
9535,RINGING
10941,RINGING
29801,PAID
15584,CASH_PICK_UP
18925,PROMISE_TO_PAY
2726,PAID
21798,RINGING
19084,CASH_PICK_UP
14684,CASH_PICK_UP
17151,CASH_PICK_UP
14988,CASH_PICK_UP
6007,FOLLOW_UP
20304,NOT_CONTACTABLE
24063,PAID
3441,PAID
8082,PROMISE_TO_PAY
22364,RINGING
19068,CASH_PICK_UP
22337,CASH_PICK_UP
23577,PAID
8173,PROMISE_TO_PAY
9214,PAID
2712,RINGING
4989,NOT_CONTACTABLE
12121,CASH_PICK_UP
19804,RINGING
24683,RINGING
5613,PAID
5782,NOT_CONTACTABLE
13579,NOT_CONTACTABLE
14679,CASH_PICK_UP
24868,RINGING
13747,RINGING
2628,PROMISE_TO_PAY
5643,RINGING
18078,PAID
26036,RINGING
12659,NOT_CONTACTABLE
13715,PAID
4227,PROMISE_TO_PAY
9011,RINGING
15240,CASH_PICK_UP
16003,RINGING
16141,PROMISE_TO_PAY
26400,NOT_CONTACTABLE
9024,PROMISE_TO_PAY
5605,NOT_CONTACTABLE
25823,CASH_PICK_UP
10735,CASH_PICK_UP
20014,PROMISE_TO_PAY
11846,CASH_PICK_UP
16248,FOLLOW_UP
19198,PROMISE_TO_PAY
3643,FOLLOW_UP
22848,RINGING
1242,PAID
28029,FOLLOW_UP
11547,RINGING
6231,NOT_CONTACTABLE
24963,RINGING
20216,RINGING
22260,PROMISE_TO_PAY
14627,CASH_PICK_UP
23398,NOT_CONTACTABLE
14050,FOLLOW_UP
2719,PAID
18182,RINGING
15902,NOT_CONTACTABLE
15459,PAID
29460,CASH_PICK_UP
6769,RINGING
6633,RINGING
25604,CASH_PICK_UP
14361,PROMISE_TO_PAY
23584,RINGING
23706,RINGING
20899,FOLLOW_UP
4876,PAID
2775,NOT_CONTACTABLE
10842,CASH_PICK_UP
21174,PROMISE_TO_PAY
28989,PAID
17200,PROMISE_TO_PAY
24951,RINGING
9127,PROMISE_TO_PAY
21494,CASH_PICK_UP
24525,RINGING
19771,PAID
20212,FOLLOW_UP
12588,FOLLOW_UP
28023,PAID
4592,RINGING
29879,NOT_CONTACTABLE
8548,PROMISE_TO_PAY
27570,RINGING
24655,PAID
20833,NOT_CONTACTABLE
27764,RINGING
22850,RINGING
22270,RINGING
2062,PAID
12277,PAID
12682,FOLLOW_UP
5148,PROMISE_TO_PAY
23003,PROMISE_TO_PAY
11210,PAID
17895,PAID
3536,PROMISE_TO_PAY
8074,PROMISE_TO_PAY
17116,PAID
5484,RINGING
25589,CASH_PICK_UP
6137,RINGING
16761,PROMISE_TO_PAY
24620,PAID
20766,PAID
12827,PROMISE_TO_PAY
18339,RINGING
15967,NOT_CONTACTABLE
12529,PROMISE_TO_PAY
25962,PROMISE_TO_PAY
26911,RINGING
29221,PAID
5557,PROMISE_TO_PAY
25798,PROMISE_TO_PAY
3432,PAID
28555,RINGING
4915,CASH_PICK_UP
13871,PROMISE_TO_PAY
25033,FOLLOW_UP
18644,RINGING
5048,PROMISE_TO_PAY
2027,PROMISE_TO_PAY
4214,PAID
16905,NOT_CONTACTABLE
25333,PAID
19460,PAID
26962,RINGING
6696,PAID
23711,NOT_CONTACTABLE
9630,PAID
8910,RINGING
16778,RINGING
9647,FOLLOW_UP
11759,RINGING
22481,RINGING
2631,RINGING
20079,RINGING
4850,PROMISE_TO_PAY
3316,PAID
9244,RINGING
8025,PROMISE_TO_PAY
18107,CASH_PICK_UP
20010,RINGING
25128,RINGING
29822,RINGING
28316,RINGING
17666,CASH_PICK_UP
17011,PROMISE_TO_PAY
18667,NOT_CONTACTABLE
14477,FOLLOW_UP
20842,RINGING
4519,PAID
1733,PAID
16183,PAID
2816,FOLLOW_UP
3024,PROMISE_TO_PAY
23692,RINGING
1346,PAID
25978,PROMISE_TO_PAY
17690,NOT_CONTACTABLE
15606,PROMISE_TO_PAY
19456,PAID
14926,PROMISE_TO_PAY
13714,CASH_PICK_UP
20099,RINGING
23004,RINGING
24691,RINGING
19825,RINGING
5995,PROMISE_TO_PAY
15031,PROMISE_TO_PAY
23566,FOLLOW_UP
15288,FOLLOW_UP
4211,PAID
23329,PAID
2737,RINGING
27521,CASH_PICK_UP
4884,CASH_PICK_UP
26424,NOT_CONTACTABLE
10451,RINGING
20048,RINGING
20546,PROMISE_TO_PAY
15677,PAID
27791,PAID
11630,PROMISE_TO_PAY
19856,CASH_PICK_UP
15048,RINGING
15576,PROMISE_TO_PAY
3630,FOLLOW_UP
29136,RINGING
7949,CASH_PICK_UP
24546,RINGING
23885,PROMISE_TO_PAY
6004,PAID
3914,PROMISE_TO_PAY
28656,PAID
4728,PROMISE_TO_PAY
7970,PROMISE_TO_PAY
17219,PAID
16011,RINGING
27207,RINGING
8332,PAID
27900,NOT_CONTACTABLE
15735,PAID
6251,PROMISE_TO_PAY
17674,RINGING
2438,PAID
13782,CASH_PICK_UP
28018,PROMISE_TO_PAY
13479,CASH_PICK_UP
15023,PROMISE_TO_PAY
24348,RINGING
12614,RINGING
28086,NOT_CONTACTABLE
10662,PAID
25170,PROMISE_TO_PAY
26247,RINGING
25986,RINGING
10309,PROMISE_TO_PAY
13633,PAID
29246,PROMISE_TO_PAY
13178,RINGING
4862,PROMISE_TO_PAY
17202,FOLLOW_UP
15366,PROMISE_TO_PAY
7953,PROMISE_TO_PAY
24693,RINGING
28755,PAID
8269,PROMISE_TO_PAY
22134,PAID
8271,PROMISE_TO_PAY
5522,PROMISE_TO_PAY
8545,RINGING
29472,RINGING
9838,PAID
22066,PAID
18929,CASH_PICK_UP
5357,PAID
9822,RINGING
3462,NOT_CONTACTABLE
10235,RINGING
29691,CASH_PICK_UP
25099,NOT_CONTACTABLE
22849,PROMISE_TO_PAY
14038,PROMISE_TO_PAY
16411,PROMISE_TO_PAY
13150,PROMISE_TO_PAY
29255,NOT_CONTACTABLE
7517,PROMISE_TO_PAY
17731,RINGING
11453,NOT_CONTACTABLE
10644,PAID
18332,NOT_WILLING_TO_PAY
10645,PAID
5425,PROMISE_TO_PAY
19180,CASH_PICK_UP
5480,RINGING
24352,PAID
8883,PROMISE_TO_PAY
28039,FOLLOW_UP
13155,RINGING
12465,PROMISE_TO_PAY
4076,FOLLOW_UP
8152,PROMISE_TO_PAY
12501,PAID
17145,CASH_PICK_UP
23712,NOT_CONTACTABLE
19212,RINGING
10919,CASH_PICK_UP
8217,PROMISE_TO_PAY
22715,NOT_CONTACTABLE
26652,PAID
11544,RINGING
15253,FOLLOW_UP
14873,CASH_PICK_UP
28012,RINGING
26950,PAID
12687,PROMISE_TO_PAY
14098,RINGING
24551,RINGING
26022,PAID
4538,FOLLOW_UP
10762,PAID
22095,CASH_PICK_UP
18504,PAID
4443,RINGING
11120,CASH_PICK_UP
4872,NOT_CONTACTABLE
15292,PAID
2599,PROMISE_TO_PAY
28285,RINGING
9544,RINGING
18781,PROMISE_TO_PAY
28635,CASH_PICK_UP
8383,PROMISE_TO_PAY
1343,PAID
6283,RINGING
2421,RINGING
25191,RINGING
1188,PAID
23675,RINGING
27194,NOT_CONTACTABLE
27771,RINGING
6522,NOT_CONTACTABLE
20713,PAID
17324,CASH_PICK_UP
4792,PROMISE_TO_PAY
5742,RINGING
12506,PAID
8781,FOLLOW_UP
5057,PAID
14170,CASH_PICK_UP
11296,PAID
21487,CASH_PICK_UP
29487,NOT_CONTACTABLE
20489,PAID
8101,PROMISE_TO_PAY
9050,RINGING
5188,PAID
8259,PROMISE_TO_PAY
29778,NOT_WILLING_TO_PAY
6680,PAID
21272,PROMISE_TO_PAY
19123,CASH_PICK_UP
2444,NOT_CONTACTABLE
24229,CASH_PICK_UP
9062,NOT_CONTACTABLE
10980,PROMISE_TO_PAY
15202,PAID
12117,RINGING
28084,RINGING
24324,PAID
20830,RINGING
6810,FOLLOW_UP
12736,RINGING
22049,RINGING
11409,PROMISE_TO_PAY
9628,PAID
12440,NOT_CONTACTABLE
23158,PAID
25499,CASH_PICK_UP
11472,NOT_CONTACTABLE
6209,RINGING
7322,RINGING
16945,RINGING
5499,PROMISE_TO_PAY
14114,NOT_CONTACTABLE
8588,PAID
6237,RINGING
25422,FOLLOW_UP
7944,NOT_CONTACTABLE
7139,PROMISE_TO_PAY
10694,PAID
3078,PROMISE_TO_PAY
5121,PROMISE_TO_PAY
23699,RINGING
24362,PAID
8620,RINGING
5321,FOLLOW_UP
17005,PROMISE_TO_PAY
29171,RINGING
18718,RINGING
28011,PROMISE_TO_PAY
15738,PAID
22472,PAID
18965,NOT_CONTACTABLE
4146,PAID
8048,PROMISE_TO_PAY
5609,PROMISE_TO_PAY
1171,PAID
27182,RINGING
7317,NOT_CONTACTABLE
4127,PAID
5646,PROMISE_TO_PAY
5441,PAID
28589,PAID
25450,CASH_PICK_UP
26026,RINGING
3388,FOLLOW_UP
18754,NOT_CONTACTABLE
17610,NOT_CONTACTABLE
17719,RINGING
23340,PAID
26333,PAID
14429,FOLLOW_UP
26906,RINGING
20254,PAID
15295,PAID
28312,RINGING
15667,PAID
9013,PAID
4836,PROMISE_TO_PAY
8856,CASH_PICK_UP
12620,PROMISE_TO_PAY
2891,FOLLOW_UP
2576,PROMISE_TO_PAY
11093,PROMISE_TO_PAY
24133,RINGING
9626,PAID
23016,RINGING
25550,RINGING
16501,PAID
21317,PROMISE_TO_PAY
2685,RINGING
5077,CASH_PICK_UP
14853,CASH_PICK_UP
9619,PAID
15660,PAID
13775,FOLLOW_UP
6511,NOT_CONTACTABLE
14577,PROMISE_TO_PAY
27773,PROMISE_TO_PAY
28033,PROMISE_TO_PAY
13103,PAID
23057,RINGING
17365,CASH_PICK_UP
17275,PAID
23568,PROMISE_TO_PAY
20524,CASH_PICK_UP
17532,RINGING
5149,PROMISE_TO_PAY
15586,CASH_PICK_UP
23717,RINGING
5029,FOLLOW_UP
1256,PAID
21293,PROMISE_TO_PAY
4544,NOT_CONTACTABLE
28083,NOT_CONTACTABLE
28787,RINGING
9669,PROMISE_TO_PAY
1238,PAID
7579,PROMISE_TO_PAY
9087,NOT_CONTACTABLE
29912,RINGING
8192,PROMISE_TO_PAY
21956,FOLLOW_UP
22820,RINGING
25047,RINGING
8991,PROMISE_TO_PAY
16800,RINGING
18956,NOT_CONTACTABLE
17729,CASH_PICK_UP
1867,PAID
23362,NOT_CONTACTABLE
14321,CASH_PICK_UP
22834,CASH_PICK_UP
1707,PAID
20161,RINGING
18941,PROMISE_TO_PAY
10408,PAID
28607,PROMISE_TO_PAY
8508,CASH_PICK_UP
5353,PROMISE_TO_PAY
24900,PAID
24529,PAID
26537,PROMISE_TO_PAY
8679,RINGING
20252,CASH_PICK_UP
18175,NOT_CONTACTABLE
16658,CASH_PICK_UP
27289,CASH_PICK_UP
24897,PAID
15237,PROMISE_TO_PAY
19150,RINGING
12366,CASH_PICK_UP
16002,PROMISE_TO_PAY
17374,PROMISE_TO_PAY
1807,PAID
19960,RINGING
27995,RINGING
15928,RINGING
18566,PAID
23187,PROMISE_TO_PAY
2537,PROMISE_TO_PAY
18559,NOT_CONTACTABLE
1684,PAID
23742,RINGING
13755,PROMISE_TO_PAY
10962,PROMISE_TO_PAY
28356,RINGING
21925,RINGING
12534,RINGING
8859,CASH_PICK_UP
22944,PAID
29900,RINGING
6968,PAID
27894,CASH_PICK_UP
4237,NOT_CONTACTABLE
14243,RINGING
21249,RINGING
25999,PAID
5881,PROMISE_TO_PAY
10264,PROMISE_TO_PAY
25413,CASH_PICK_UP
27310,RINGING
20744,NOT_CONTACTABLE
28661,NOT_CONTACTABLE
9345,PROMISE_TO_PAY
1819,PAID
4896,FOLLOW_UP
21120,RINGING
4742,PROMISE_TO_PAY
28563,PROMISE_TO_PAY
4402,PAID
5517,PROMISE_TO_PAY
5004,PAID
17779,PROMISE_TO_PAY
27897,PROMISE_TO_PAY
21755,PROMISE_TO_PAY
5647,CASH_PICK_UP
10700,NOT_CONTACTABLE
4089,PAID
28951,NOT_CONTACTABLE
15426,PROMISE_TO_PAY
25941,CASH_PICK_UP
1818,PAID
2481,PROMISE_TO_PAY
18466,PROMISE_TO_PAY
27759,RINGING
13884,FOLLOW_UP
2051,PAID
25528,FOLLOW_UP
28784,RINGING
23321,RINGING
20688,NOT_CONTACTABLE
7916,PROMISE_TO_PAY
24590,RINGING
9149,PROMISE_TO_PAY
4499,NOT_CONTACTABLE
11193,RINGING
11989,PROMISE_TO_PAY
15982,PROMISE_TO_PAY
6972,RINGING
12837,PROMISE_TO_PAY
26700,RINGING
11826,PAID
24634,PAID
24120,NOT_CONTACTABLE
9358,PROMISE_TO_PAY
16496,PROMISE_TO_PAY
9687,PROMISE_TO_PAY
15438,PAID
8103,PROMISE_TO_PAY
15958,RINGING
13718,CASH_PICK_UP
10939,RINGING
2153,PAID
26620,RINGING
26019,RINGING
28823,RINGING
22068,RINGING
5044,PAID
14074,PROMISE_TO_PAY
9497,FOLLOW_UP
16818,PAID
7951,RINGING
3624,NOT_CONTACTABLE
14622,NOT_CONTACTABLE
11610,PROMISE_TO_PAY
1735,PAID
26360,RINGING
21957,PAID
3619,NOT_CONTACTABLE
14540,PAID
19993,RINGING
21277,PROMISE_TO_PAY
3378,PROMISE_TO_PAY
8967,FOLLOW_UP
16645,FOLLOW_UP
5145,PROMISE_TO_PAY
15997,RINGING
17158,PAID
8975,PROMISE_TO_PAY
18077,PAID
13763,CASH_PICK_UP
26859,PAID
1732,PAID
6368,PAID
25548,RINGING
12143,CASH_PICK_UP
28792,RINGING
14516,NOT_CONTACTABLE
13197,NOT_CONTACTABLE
14912,CASH_PICK_UP
27179,PROMISE_TO_PAY
7328,CASH_PICK_UP
6280,RINGING
25486,PAID
2969,PAID
2243,PAID
3803,PROMISE_TO_PAY
12047,RINGING
26039,FOLLOW_UP
24420,PROMISE_TO_PAY
5752,PAID
20282,PAID
27454,NOT_CONTACTABLE
17524,RINGING
26682,RINGING
12307,PAID
12239,PAID
9694,PROMISE_TO_PAY
15559,FOLLOW_UP
17214,PROMISE_TO_PAY
22402,CASH_PICK_UP
10475,PAID
26931,RINGING
25318,PAID
9322,FOLLOW_UP
12282,PAID
8681,RINGING
1610,NOT_CONTACTABLE
27796,RINGING
19169,RINGING
22641,RINGING
14294,PROMISE_TO_PAY
3919,PAID
16827,RINGING
7922,PROMISE_TO_PAY
19834,PAID
14838,PROMISE_TO_PAY
21342,PROMISE_TO_PAY
17511,NOT_WILLING_TO_PAY
16917,RINGING
24371,RINGING
19689,PROMISE_TO_PAY
21513,CASH_PICK_UP
11377,PROMISE_TO_PAY
23595,PAID
27028,PAID
10746,RINGING
29425,PAID
9356,NOT_CONTACTABLE
14898,PROMISE_TO_PAY
14567,NOT_CONTACTABLE
23242,RINGING
18003,PAID
1551,PROMISE_TO_PAY
18997,CASH_PICK_UP
27506,PROMISE_TO_PAY
24416,NOT_CONTACTABLE
12611,RINGING
6598,RINGING
29690,PROMISE_TO_PAY
21866,CASH_PICK_UP
29498,PROMISE_TO_PAY
12542,PROMISE_TO_PAY
16295,CASH_PICK_UP
27468,NOT_CONTACTABLE
17659,RINGING
24698,FOLLOW_UP
19213,NOT_CONTACTABLE
16240,RINGING
17234,RINGING
8683,RINGING
25142,RINGING
18915,RINGING
4233,PROMISE_TO_PAY
10827,PROMISE_TO_PAY
20695,RINGING
19075,CASH_PICK_UP
18776,PROMISE_TO_PAY
21776,CASH_PICK_UP
25181,PAID
2055,PAID
21328,PROMISE_TO_PAY
23896,PROMISE_TO_PAY
22093,PAID
24857,PAID
12998,PAID
27433,RINGING
1391,PAID
28507,RINGING
11063,PAID
2610,CASH_PICK_UP
8806,RINGING
20118,PROMISE_TO_PAY
23915,CASH_PICK_UP
20415,NOT_CONTACTABLE
28844,PAID
3703,CASH_PICK_UP
9505,PAID
16497,PROMISE_TO_PAY
3598,PAID
6366,NOT_CONTACTABLE
3396,FOLLOW_UP
25824,NOT_CONTACTABLE
7919,PAID
3978,NOT_CONTACTABLE
8045,PROMISE_TO_PAY
10722,RINGING
28239,PROMISE_TO_PAY
29091,PAID
9853,PROMISE_TO_PAY
6040,PAID
4469,PROMISE_TO_PAY
11058,CASH_PICK_UP
23135,RINGING
4446,NOT_CONTACTABLE
20462,CASH_PICK_UP
11467,RINGING
14910,CASH_PICK_UP
29132,RINGING
11198,RINGING
27276,RINGING
9326,NOT_CONTACTABLE
16192,CASH_PICK_UP
8232,PROMISE_TO_PAY
25828,FOLLOW_UP
18350,NOT_CONTACTABLE
6089,PROMISE_TO_PAY
13143,PROMISE_TO_PAY
6760,NOT_CONTACTABLE
9725,PAID
20543,NOT_CONTACTABLE
22306,CASH_PICK_UP
3474,RINGING
20469,PAID
11441,PROMISE_TO_PAY
2029,PAID
16124,PROMISE_TO_PAY
3120,PROMISE_TO_PAY
15938,RINGING
9920,FOLLOW_UP
5739,RINGING
2081,PAID
22980,NOT_CONTACTABLE
11032,PROMISE_TO_PAY
8879,RINGING
13587,RINGING
3458,FOLLOW_UP
26534,NOT_CONTACTABLE
14146,CASH_PICK_UP
14876,CASH_PICK_UP
14961,PAID
8030,PROMISE_TO_PAY
17517,PAID
19665,PAID
9671,PAID
21031,PROMISE_TO_PAY
20272,PAID
28301,NOT_CONTACTABLE
14242,NOT_CONTACTABLE
21258,CASH_PICK_UP
15930,PAID
13557,PAID
25386,PAID
2870,RINGING
6421,FOLLOW_UP
1749,PAID
20439,PAID
29649,RINGING
5765,PROMISE_TO_PAY
26964,RINGING
7060,PROMISE_TO_PAY
9332,PROMISE_TO_PAY
16100,PAID
5585,RINGING
28063,PROMISE_TO_PAY
19811,PAID
20894,PAID
21876,CASH_PICK_UP
14692,CASH_PICK_UP
2729,NOT_CONTACTABLE
18125,PROMISE_TO_PAY
14413,RINGING
15769,NOT_CONTACTABLE
4461,PROMISE_TO_PAY
24747,PAID
20453,RINGING
26895,RINGING
19072,CASH_PICK_UP
16258,PAID
21720,CASH_PICK_UP
6330,RINGING
7147,FOLLOW_UP
5677,RINGING
29835,NOT_CONTACTABLE
21151,PAID
16206,PAID
23559,RINGING
8893,PROMISE_TO_PAY
18470,PAID
14396,PROMISE_TO_PAY
5158,PROMISE_TO_PAY
21503,PROMISE_TO_PAY
16814,PAID
9196,NOT_CONTACTABLE
14880,CASH_PICK_UP
3488,PAID
1792,PAID
25116,RINGING
29389,RINGING
25757,CASH_PICK_UP
11856,PAID
2890,PAID
17637,PAID
29785,CASH_PICK_UP
11827,NOT_CONTACTABLE
4952,PROMISE_TO_PAY
13895,PROMISE_TO_PAY
22206,CASH_PICK_UP
18348,NOT_CONTACTABLE
2106,PAID
27447,RINGING
11056,NOT_CONTACTABLE
25196,RINGING
4002,PAID
5240,NOT_CONTACTABLE
17967,PAID
21637,NOT_CONTACTABLE
14923,CASH_PICK_UP
28752,RINGING
8168,PROMISE_TO_PAY
5935,PAID
29150,RINGING
22304,CASH_PICK_UP
17522,PROMISE_TO_PAY
21940,PAID
14378,PAID
24760,NOT_CONTACTABLE
3576,PROMISE_TO_PAY
27729,RINGING
11817,PROMISE_TO_PAY
22223,PROMISE_TO_PAY
26346,PROMISE_TO_PAY
3465,RINGING
15045,PROMISE_TO_PAY
12907,PROMISE_TO_PAY
28855,RINGING
9317,PROMISE_TO_PAY
22621,PAID
20410,PROMISE_TO_PAY
26085,PROMISE_TO_PAY
1193,PAID
14877,CASH_PICK_UP
13034,PAID
8294,CASH_PICK_UP
19671,PAID
20930,RINGING
5949,NOT_CONTACTABLE
5314,RINGING
4259,PAID
17903,PROMISE_TO_PAY
21229,PROMISE_TO_PAY
11488,PROMISE_TO_PAY
5386,PAID
22477,NOT_CONTACTABLE
26257,RINGING
12899,PAID
20075,RINGING
24053,NOT_CONTACTABLE
2638,PROMISE_TO_PAY
9875,NOT_CONTACTABLE
16409,PROMISE_TO_PAY
16866,RINGING
23228,PAID
12136,RINGING
6191,NOT_CONTACTABLE
24695,RINGING
29089,PROMISE_TO_PAY
9606,PAID
3686,CASH_PICK_UP
3358,PAID
19495,PROMISE_TO_PAY
19184,NOT_CONTACTABLE
22327,CASH_PICK_UP
14466,PAID
22627,RINGING
3905,PAID
26905,RINGING
4093,CASH_PICK_UP
21497,CASH_PICK_UP
21796,PROMISE_TO_PAY
15239,RINGING
5102,RINGING
13082,PROMISE_TO_PAY
18572,PAID
1798,PAID
24266,NOT_CONTACTABLE
14409,NOT_CONTACTABLE
25587,CASH_PICK_UP
23409,PAID
2906,RINGING
3979,PAID
21462,RINGING
9303,RINGING
7262,PROMISE_TO_PAY
1742,PAID
10688,PROMISE_TO_PAY
9795,CASH_PICK_UP
16973,CASH_PICK_UP
21524,RINGING
7583,RINGING
17766,PROMISE_TO_PAY
3998,NOT_CONTACTABLE
15275,PAID
22265,PAID
25326,PROMISE_TO_PAY
18955,NOT_CONTACTABLE
25438,CASH_PICK_UP
13906,CASH_PICK_UP
11322,CASH_PICK_UP
25748,RINGING
16489,PROMISE_TO_PAY
9138,CASH_PICK_UP
27002,PROMISE_TO_PAY
2772,PAID
22781,PAID
11055,CASH_PICK_UP
27520,RINGING
19178,NOT_CONTACTABLE
3581,NOT_CONTACTABLE
9031,NOT_CONTACTABLE
20834,RINGING
6761,PROMISE_TO_PAY
27728,RINGING
21344,PROMISE_TO_PAY
24629,PAID
28307,RINGING
14613,PAID
17354,NOT_CONTACTABLE
21897,CASH_PICK_UP
21115,RINGING
12182,NOT_CONTACTABLE
19122,PROMISE_TO_PAY
14095,PROMISE_TO_PAY
14737,CASH_PICK_UP
23938,PROMISE_TO_PAY
19048,PAID
16484,RINGING
8215,PROMISE_TO_PAY
28332,PROMISE_TO_PAY
24390,PAID
24226,PAID
21234,PAID
5878,PAID
24122,FOLLOW_UP
9073,RINGING
18714,RINGING
10382,FOLLOW_UP
17099,PAID
13173,PROMISE_TO_PAY
14603,FOLLOW_UP
1690,PAID
22964,NOT_CONTACTABLE
17562,PAID
1378,PAID
23266,NOT_CONTACTABLE
7143,CASH_PICK_UP
22266,PAID
25147,PAID
19001,PAID
20387,RINGING
18930,RINGING
1725,PAID
18784,PROMISE_TO_PAY
20396,RINGING
3384,RINGING
19452,NOT_CONTACTABLE
10415,NOT_CONTACTABLE
13176,RINGING
16834,RINGING
11537,PAID
11851,PAID
11676,RINGING
7288,CASH_PICK_UP
12607,PAID
13153,CASH_PICK_UP
19820,PROMISE_TO_PAY
5762,NOT_CONTACTABLE
11576,RINGING
18024,CASH_PICK_UP
22329,PROMISE_TO_PAY
13730,PAID
8948,RINGING
6405,PAID
5070,PROMISE_TO_PAY
6673,PAID
3546,CASH_PICK_UP
27743,CASH_PICK_UP
19230,PAID
14685,CASH_PICK_UP
4144,PROMISE_TO_PAY
27233,RINGING
22814,PROMISE_TO_PAY
12660,NOT_CONTACTABLE
4418,RINGING
27568,RINGING
5060,CASH_PICK_UP
17770,RINGING
11456,RINGING
26668,RINGING
24346,CASH_PICK_UP
17188,RINGING
1230,PROMISE_TO_PAY
21135,NOT_CONTACTABLE
1863,PAID
15379,PROMISE_TO_PAY
8018,PROMISE_TO_PAY
24117,NOT_CONTACTABLE
13944,NOT_CONTACTABLE
13005,RINGING
16259,PAID
21482,RINGING
15373,PROMISE_TO_PAY
28932,NOT_CONTACTABLE
8596,RINGING
25867,PROMISE_TO_PAY
22474,RINGING
24354,PROMISE_TO_PAY
28028,FOLLOW_UP
19824,PROMISE_TO_PAY
14738,PAID
6701,PAID
22667,CASH_PICK_UP
4122,RINGING
6636,PROMISE_TO_PAY
4038,PROMISE_TO_PAY
26054,PAID
25428,RINGING
17773,PAID
5594,PAID
12066,FOLLOW_UP
28878,RINGING
8524,RINGING
17899,PAID
20397,NOT_CONTACTABLE
3409,PAID
10768,PROMISE_TO_PAY
23152,RINGING
26430,PROMISE_TO_PAY
8053,PROMISE_TO_PAY
24313,PAID
18998,FOLLOW_UP
23270,PAID
25896,PAID
13580,RINGING
4718,PAID
22128,RINGING
12656,CASH_PICK_UP
13515,PAID
25840,CASH_PICK_UP
23401,CASH_PICK_UP
7394,PROMISE_TO_PAY
23031,PROMISE_TO_PAY
5567,PROMISE_TO_PAY
10246,PROMISE_TO_PAY
16268,PAID
18728,RINGING
13873,PROMISE_TO_PAY
4252,PAID
10730,NOT_CONTACTABLE
11809,PROMISE_TO_PAY
25858,RINGING
15075,RINGING
6643,RINGING
8631,PAID
27638,PROMISE_TO_PAY
27901,RINGING
1400,PAID
10609,PROMISE_TO_PAY
13623,PROMISE_TO_PAY
6107,PAID
11281,CASH_PICK_UP
10816,RINGING
5811,RINGING
25400,PROMISE_TO_PAY
17685,RINGING
14100,RINGING
17884,PROMISE_TO_PAY
8968,PROMISE_TO_PAY
16785,PROMISE_TO_PAY
12667,RINGING
22971,RINGING
6353,NOT_CONTACTABLE
24669,RINGING
18692,PROMISE_TO_PAY
14174,PROMISE_TO_PAY
4435,PROMISE_TO_PAY
19962,NOT_CONTACTABLE
3669,PROMISE_TO_PAY
18756,PROMISE_TO_PAY
12729,CASH_PICK_UP
26645,CASH_PICK_UP
14600,CASH_PICK_UP
4832,CASH_PICK_UP
23330,PAID
7267,CASH_PICK_UP
19121,PAID
16861,PAID
20184,PAID
27031,RINGING
27480,PAID
5123,PROMISE_TO_PAY
6942,PROMISE_TO_PAY
11627,PROMISE_TO_PAY
7167,FOLLOW_UP
23416,NOT_CONTACTABLE
6734,PAID
15782,RINGING
10416,RINGING
10256,RINGING
22931,PAID
22193,RINGING
10473,PAID
8287,PROMISE_TO_PAY
6068,PAID
24004,RINGING
14644,CASH_PICK_UP
16885,PAID
2697,RINGING
29191,PAID
27549,FOLLOW_UP
22425,CASH_PICK_UP
28288,RINGING
9709,CASH_PICK_UP
16424,RINGING
9775,PAID
5332,PROMISE_TO_PAY
14732,CASH_PICK_UP
4874,NOT_CONTACTABLE
23951,RINGING
5453,RINGING
16515,FOLLOW_UP
21019,FOLLOW_UP
23560,PAID
28271,CASH_PICK_UP
4781,NOT_CONTACTABLE
23323,FOLLOW_UP
27299,PAID
14093,RINGING
10947,PROMISE_TO_PAY
8164,PROMISE_TO_PAY
26896,PROMISE_TO_PAY
29219,FOLLOW_UP
19978,RINGING
9362,PROMISE_TO_PAY
21787,NOT_CONTACTABLE
13505,FOLLOW_UP
6672,RINGING
22823,RINGING
13113,PAID
8709,NOT_CONTACTABLE
23363,RINGING
20745,RINGING
15756,CASH_PICK_UP
8708,CASH_PICK_UP
29275,FOLLOW_UP
22221,RINGING
23588,PAID
27282,NOT_CONTACTABLE
26261,RINGING
12634,CASH_PICK_UP
25868,NOT_CONTACTABLE
14928,PROMISE_TO_PAY
9631,FOLLOW_UP
5136,PROMISE_TO_PAY
26343,RINGING
5579,NOT_CONTACTABLE
10766,PROMISE_TO_PAY
5175,PROMISE_TO_PAY
19307,PAID
8029,PROMISE_TO_PAY
15739,PAID
29737,RINGING
18502,PROMISE_TO_PAY
19473,PROMISE_TO_PAY
13963,FOLLOW_UP
13225,PAID
8957,PROMISE_TO_PAY
3411,FOLLOW_UP
26891,RINGING
6333,FOLLOW_UP
16521,PROMISE_TO_PAY
3971,PAID
28845,RINGING
16131,RINGING
17554,PAID
18121,PROMISE_TO_PAY
3906,PAID
19842,PAID
22457,RINGING
12461,PAID
24057,PAID
9249,RINGING
14027,RINGING
20183,PAID
16487,NOT_CONTACTABLE
20642,PAID
28382,RINGING
23632,PAID
16279,RINGING
2749,PROMISE_TO_PAY
6359,NOT_CONTACTABLE
5571,NOT_CONTACTABLE
8214,PROMISE_TO_PAY
16210,PAID
9847,PROMISE_TO_PAY
12419,PAID
24276,NOT_CONTACTABLE
27428,CASH_PICK_UP
9466,PROMISE_TO_PAY
16302,CASH_PICK_UP
6272,PROMISE_TO_PAY
6198,NOT_CONTACTABLE
28245,PAID
14115,PROMISE_TO_PAY
27586,PAID
19172,RINGING
29810,RINGING
1251,PAID
5236,RINGING
5737,CASH_PICK_UP
5270,PAID
15595,PROMISE_TO_PAY
11760,PROMISE_TO_PAY
25903,PAID
21499,CASH_PICK_UP
8191,PROMISE_TO_PAY
5670,RINGING
23929,NOT_CONTACTABLE
19980,PROMISE_TO_PAY
15084,PROMISE_TO_PAY
25394,PROMISE_TO_PAY
28536,PAID
3467,NOT_CONTACTABLE
21722,CASH_PICK_UP
8236,PROMISE_TO_PAY
11751,PAID
17140,NOT_CONTACTABLE
18353,PROMISE_TO_PAY
15638,PAID
21146,RINGING
16851,PROMISE_TO_PAY
20539,RINGING
9620,PAID
5156,PROMISE_TO_PAY
25529,FOLLOW_UP
1621,PAID
29506,PAID
8810,PROMISE_TO_PAY
26282,FOLLOW_UP
11484,PROMISE_TO_PAY
13571,RINGING
11330,CASH_PICK_UP
22794,RINGING
14744,PAID
6302,RINGING
12689,RINGING
24969,RINGING
18797,PAID
11653,PROMISE_TO_PAY
25312,PAID
28093,PAID
26284,PAID
10737,PROMISE_TO_PAY
8862,CASH_PICK_UP
29070,RINGING
10760,PROMISE_TO_PAY
14246,RINGING
26853,CASH_PICK_UP
24744,NOT_CONTACTABLE
14626,PROMISE_TO_PAY
15531,CASH_PICK_UP
9680,FOLLOW_UP
6823,NOT_CONTACTABLE
12453,PAID
13915,RINGING
8527,CASH_PICK_UP
15569,NOT_CONTACTABLE
14663,NOT_CONTACTABLE
23735,RINGING
28468,RINGING
24932,RINGING
13705,PAID
1804,PAID
19293,PROMISE_TO_PAY
27776,RINGING
17283,RINGING
20388,PROMISE_TO_PAY
19998,RINGING
29174,RINGING
6241,RINGING
16209,PAID
12213,PROMISE_TO_PAY
19020,PAID
15937,PAID
16291,PROMISE_TO_PAY
24597,CASH_PICK_UP
15012,PROMISE_TO_PAY
20125,RINGING
19885,PAID
28854,RINGING
9219,RINGING
14818,FOLLOW_UP
19793,PAID
22797,RINGING
28595,PROMISE_TO_PAY
6307,RINGING
28043,RINGING
18903,CASH_PICK_UP
20706,PROMISE_TO_PAY
16023,RINGING
25893,CASH_PICK_UP
3997,RINGING
24618,FOLLOW_UP
6938,CASH_PICK_UP
9057,RINGING
16198,PROMISE_TO_PAY
23644,PAID
17581,PROMISE_TO_PAY
14381,PAID
20452,RINGING
8791,PROMISE_TO_PAY
3382,NOT_CONTACTABLE
18685,RINGING
28783,RINGING
24363,PAID
8253,PROMISE_TO_PAY
3918,PAID
7172,NOT_CONTACTABLE
3449,NOT_CONTACTABLE
16749,PAID
29310,RINGING
27047,PAID
15370,PROMISE_TO_PAY
26837,RINGING
18515,PAID
14612,NOT_CONTACTABLE
28333,CASH_PICK_UP
14564,CASH_PICK_UP
26908,RINGING
24221,PAID
2804,FOLLOW_UP
29840,PROMISE_TO_PAY
2534,PROMISE_TO_PAY
16006,RINGING
6309,PAID
15383,RINGING
16904,NOT_CONTACTABLE
16951,PAID
16915,PAID
12947,PROMISE_TO_PAY
11257,PAID
11848,RINGING
25448,CASH_PICK_UP
6523,PAID
7958,PROMISE_TO_PAY
5868,PROMISE_TO_PAY
10355,NOT_CONTACTABLE
9799,PAID
26386,PAID
3613,PAID
23872,PROMISE_TO_PAY
22046,FOLLOW_UP
24726,NOT_CONTACTABLE
10290,PROMISE_TO_PAY
19024,RINGING
4275,PAID
5755,PAID
14592,RINGING
6974,FOLLOW_UP
13532,PAID
14130,RINGING
15414,PROMISE_TO_PAY
22410,CASH_PICK_UP
8553,PROMISE_TO_PAY
14847,PROMISE_TO_PAY
13535,PAID
5804,PAID
8058,PROMISE_TO_PAY
28864,RINGING
14601,RINGING
9841,PAID
24548,CASH_PICK_UP
11262,NOT_CONTACTABLE
24076,RINGING
8885,PROMISE_TO_PAY
14140,RINGING
23724,RINGING
27253,RINGING
25524,NOT_CONTACTABLE
21159,PROMISE_TO_PAY
6944,NOT_CONTACTABLE
20735,NOT_CONTACTABLE
28286,RINGING
13841,PAID
6514,RINGING
20473,PAID
28021,PROMISE_TO_PAY
22998,CASH_PICK_UP
6690,PROMISE_TO_PAY
1947,PAID
17716,NOT_CONTACTABLE
3735,PROMISE_TO_PAY
11256,PAID
19611,RINGING
23738,RINGING
16748,RINGING
24555,CASH_PICK_UP
23204,PROMISE_TO_PAY
22483,CASH_PICK_UP
16653,PAID
5783,RINGING
22397,CASH_PICK_UP
25166,PROMISE_TO_PAY
5399,PAID
17598,RINGING
29085,PAID
19119,CASH_PICK_UP
3894,PROMISE_TO_PAY
4326,PAID
10345,PAID
21955,NOT_CONTACTABLE
16936,RINGING
16912,PROMISE_TO_PAY
23373,PAID
14874,CASH_PICK_UP
21035,RINGING
9506,PROMISE_TO_PAY
11469,RINGING
20414,FOLLOW_UP
29406,FOLLOW_UP
29896,RINGING
18988,PROMISE_TO_PAY
11016,CASH_PICK_UP
24891,PAID
11167,RINGING
29643,PAID
24222,PAID
8633,PAID
23567,RINGING
19483,NOT_CONTACTABLE
28534,PAID
1280,PAID
9424,CASH_PICK_UP
10285,PROMISE_TO_PAY
28279,RINGING
12926,RINGING
4354,PROMISE_TO_PAY
8712,NOT_CONTACTABLE
26596,RINGING
23215,RINGING
24393,PROMISE_TO_PAY
1353,PAID
14355,NOT_CONTACTABLE
28638,PAID
13022,PAID
6210,NOT_CONTACTABLE
21659,NOT_CONTACTABLE
19311,RINGING
6326,PROMISE_TO_PAY
6756,PROMISE_TO_PAY
11206,NOT_CONTACTABLE
19095,CASH_PICK_UP
6345,RINGING
21880,CASH_PICK_UP
24595,RINGING
17563,PAID
29242,RINGING
12740,PAID
9745,PROMISE_TO_PAY
2629,RINGING
19143,NOT_CONTACTABLE
18066,PAID
8204,PROMISE_TO_PAY
8024,PROMISE_TO_PAY
12738,NOT_WILLING_TO_PAY
21673,RINGING
5497,RINGING
1345,PAID
14545,PROMISE_TO_PAY
11943,PROMISE_TO_PAY
19979,PROMISE_TO_PAY
7276,RINGING
26548,PROMISE_TO_PAY
10498,RINGING
25841,CASH_PICK_UP
29857,RINGING
2774,NOT_CONTACTABLE
24312,RINGING
18150,PROMISE_TO_PAY
10401,CASH_PICK_UP
4217,PAID
24116,PROMISE_TO_PAY
5822,PROMISE_TO_PAY
25206,NOT_CONTACTABLE
3386,NOT_CONTACTABLE
16574,RINGING
22388,CASH_PICK_UP
12478,NOT_CONTACTABLE
22732,NOT_CONTACTABLE
5565,PROMISE_TO_PAY
11904,NOT_CONTACTABLE
17332,NOT_CONTACTABLE
5243,RINGING
15221,PROMISE_TO_PAY
21926,PAID
28220,PROMISE_TO_PAY
4983,NOT_CONTACTABLE
19590,FOLLOW_UP
13027,RINGING
19018,PAID
8789,PROMISE_TO_PAY
8589,PAID
20208,RINGING
25796,PROMISE_TO_PAY
9800,NOT_CONTACTABLE
4799,NOT_CONTACTABLE
22256,RINGING
8638,PAID
8718,PROMISE_TO_PAY
6422,PROMISE_TO_PAY
20877,PAID
22626,PAID
21509,CASH_PICK_UP
2676,NOT_CONTACTABLE
24611,NOT_CONTACTABLE
21347,PROMISE_TO_PAY
8333,PAID
24599,NOT_CONTACTABLE
14412,RINGING
25103,NOT_CONTACTABLE
8609,NOT_CONTACTABLE
8700,RINGING
29231,NOT_CONTACTABLE
6118,PROMISE_TO_PAY
11928,CASH_PICK_UP
21646,PROMISE_TO_PAY
14040,CASH_PICK_UP
20508,PAID
26531,NOT_CONTACTABLE
22379,CASH_PICK_UP
3421,RINGING
3692,NOT_CONTACTABLE
29294,PROMISE_TO_PAY
21114,RINGING
4927,PROMISE_TO_PAY
26023,RINGING
29292,RINGING
26959,PAID
27196,RINGING
18650,RINGING
22056,CASH_PICK_UP
20535,NOT_CONTACTABLE
14649,FOLLOW_UP
8930,NOT_CONTACTABLE
15083,PROMISE_TO_PAY
7947,CASH_PICK_UP
25334,FOLLOW_UP
29898,CASH_PICK_UP
22287,NOT_CONTACTABLE
4114,RINGING
21618,CASH_PICK_UP
14080,PAID
24763,NOT_CONTACTABLE
12435,PROMISE_TO_PAY
11140,CASH_PICK_UP
12857,PAID
3945,RINGING
26070,PROMISE_TO_PAY
6634,PROMISE_TO_PAY
19016,PAID
18657,PAID
24017,PROMISE_TO_PAY
22170,RINGING
4967,PROMISE_TO_PAY
27228,RINGING
21942,PAID
29217,PAID
1952,PAID
7530,PROMISE_TO_PAY
27445,RINGING
6351,PROMISE_TO_PAY
6688,PAID
6373,NOT_CONTACTABLE
16277,RINGING
21400,PROMISE_TO_PAY
15566,PAID
6750,RINGING
2101,PAID
22324,PROMISE_TO_PAY
13219,PAID
26207,RINGING
4393,RINGING
26704,RINGING
13608,CASH_PICK_UP
13905,CASH_PICK_UP
20638,RINGING
24007,NOT_CONTACTABLE
26907,PROMISE_TO_PAY
7512,PROMISE_TO_PAY
27483,RINGING
19767,PAID
29411,PAID
11038,RINGING
11099,CASH_PICK_UP
10646,PROMISE_TO_PAY
21492,RINGING
28391,RINGING
5922,RINGING
4361,FOLLOW_UP
10227,PROMISE_TO_PAY
2096,PAID
13523,PAID
25530,FOLLOW_UP
12399,CASH_PICK_UP
18656,PAID
23663,FOLLOW_UP
11765,PROMISE_TO_PAY
11864,PROMISE_TO_PAY
26547,PROMISE_TO_PAY
27227,NOT_CONTACTABLE
2035,PAID
14366,FOLLOW_UP
29830,FOLLOW_UP
21868,CASH_PICK_UP
2730,NOT_CONTACTABLE
17749,PROMISE_TO_PAY
11103,CASH_PICK_UP
8558,PROMISE_TO_PAY
29144,RINGING
27059,RINGING
8934,RINGING
13213,RINGING
9347,PROMISE_TO_PAY
10331,CASH_PICK_UP
3322,RINGING
21660,PROMISE_TO_PAY
14980,CASH_PICK_UP
17771,PROMISE_TO_PAY
24714,NOT_CONTACTABLE
29804,PAID
18995,PAID
5431,NOT_CONTACTABLE
4758,PAID
15971,PAID
25182,CASH_PICK_UP
11643,PROMISE_TO_PAY
12175,PROMISE_TO_PAY
3959,PROMISE_TO_PAY
17172,RINGING
19700,RINGING
2425,RINGING
7946,RINGING
17527,PROMISE_TO_PAY
18593,PAID
21725,CASH_PICK_UP
18507,PAID
1379,PAID
9651,RINGING
28458,PROMISE_TO_PAY
3294,PAID
5588,PAID
22697,RINGING
22942,NOT_CONTACTABLE
3204,CASH_PICK_UP
27202,PAID
19355,PROMISE_TO_PAY
5294,CASH_PICK_UP
19857,PAID
8121,PROMISE_TO_PAY
15461,PAID
26559,PAID
28344,NOT_CONTACTABLE
11618,PROMISE_TO_PAY
16802,NOT_CONTACTABLE
24787,PAID
2872,PAID
3297,CASH_PICK_UP
22076,RINGING
9879,PAID
29188,PAID
10616,NOT_CONTACTABLE
29865,FOLLOW_UP
9450,CASH_PICK_UP
16868,RINGING
18049,PAID
11763,FOLLOW_UP
17207,PROMISE_TO_PAY
16179,PROMISE_TO_PAY
19389,PROMISE_TO_PAY
18467,CASH_PICK_UP
23045,NOT_CONTACTABLE
17888,FOLLOW_UP
17788,RINGING
10841,PROMISE_TO_PAY
16162,PROMISE_TO_PAY
6569,PAID
12023,RINGING
28751,PAID
23615,RINGING
25110,RINGING
23673,PROMISE_TO_PAY
29910,RINGING
8694,PROMISE_TO_PAY
28937,NOT_CONTACTABLE
6357,RINGING
20093,NOT_CONTACTABLE
8750,NOT_CONTACTABLE
28843,RINGING
20139,PROMISE_TO_PAY
25041,RINGING
23351,PAID
29515,PAID
8207,PROMISE_TO_PAY
27471,RINGING
8636,PAID
4522,FOLLOW_UP
18139,PAID
20251,PAID
6407,NOT_CONTACTABLE
11678,PROMISE_TO_PAY
28804,RINGING
17900,RINGING
16805,FOLLOW_UP
7031,RINGING
6100,RINGING
5124,PROMISE_TO_PAY
12395,RINGING
5002,PAID
15908,NOT_CONTACTABLE
27484,CASH_PICK_UP
25887,PROMISE_TO_PAY
29444,RINGING
11616,PROMISE_TO_PAY
12031,PAID
26901,PAID
9163,NOT_WILLING_TO_PAY
13729,PAID
3397,FOLLOW_UP
17510,PROMISE_TO_PAY
11539,PAID
25055,RINGING
23182,PROMISE_TO_PAY
5049,PAID
5502,PROMISE_TO_PAY
26898,PROMISE_TO_PAY
29266,RINGING
23406,PAID
26298,RINGING
8109,PROMISE_TO_PAY
7971,RINGING
8140,PROMISE_TO_PAY
4744,PROMISE_TO_PAY
13536,PAID
3009,PROMISE_TO_PAY
14406,CASH_PICK_UP
3284,PAID
22950,PAID
11581,PAID
15764,PAID
17157,PAID
28241,RINGING
29195,PAID
18932,FOLLOW_UP
11026,CASH_PICK_UP
26960,PAID
12061,PROMISE_TO_PAY
18579,PAID
13596,RINGING
1406,PAID
28454,RINGING
27432,FOLLOW_UP
28796,RINGING
29836,RINGING
8200,PROMISE_TO_PAY
17242,PROMISE_TO_PAY
20659,PAID
26941,RINGING
27756,RINGING
16169,RINGING
10335,PROMISE_TO_PAY
16657,PAID
28264,RINGING
10914,CASH_PICK_UP
28357,NOT_CONTACTABLE
2206,PAID
29647,PROMISE_TO_PAY
28511,PAID
8752,RINGING
3368,PAID
15613,NOT_CONTACTABLE
27535,RINGING
22466,RINGING
21512,PAID
14032,NOT_CONTACTABLE
27539,RINGING
9525,PAID
4535,PROMISE_TO_PAY
23679,PROMISE_TO_PAY
27034,PAID
20635,PROMISE_TO_PAY
26256,PAID
15781,RINGING
18999,PAID
13771,RINGING
13533,PAID
8612,RINGING
23837,CASH_PICK_UP
3489,FOLLOW_UP
10716,NOT_CONTACTABLE
20119,RINGING
29160,RINGING
28535,PAID
29134,PAID
6802,CASH_PICK_UP
13869,PROMISE_TO_PAY
12911,NOT_CONTACTABLE
5900,CASH_PICK_UP
17262,RINGING
24728,PROMISE_TO_PAY
17657,RINGING
1236,PAID
24055,NOT_CONTACTABLE
9016,PROMISE_TO_PAY
25473,RINGING
22679,PROMISE_TO_PAY
6319,CASH_PICK_UP
26917,PROMISE_TO_PAY
10438,FOLLOW_UP
26271,CASH_PICK_UP
11958,PROMISE_TO_PAY
16245,FOLLOW_UP
29814,RINGING
1258,PAID
21721,CASH_PICK_UP
11061,FOLLOW_UP
22653,CASH_PICK_UP
22791,PAID
11811,PAID
14736,CASH_PICK_UP
25118,RINGING
12936,PROMISE_TO_PAY
6363,PAID
19012,CASH_PICK_UP
24410,NOT_CONTACTABLE
29795,CASH_PICK_UP
21516,RINGING
24645,RINGING
13484,RINGING
3571,RINGING
20095,NOT_CONTACTABLE
4340,PAID
18719,NOT_CONTACTABLE
21418,PROMISE_TO_PAY
3638,PAID
4230,RINGING
10399,CASH_PICK_UP
13223,RINGING
4765,RINGING
3487,NOT_CONTACTABLE
22127,PAID
11436,PAID
15329,PAID
4984,NOT_CONTACTABLE
26387,PAID
17724,RINGING
18190,PAID
26604,NOT_CONTACTABLE
24569,RINGING
28671,CASH_PICK_UP
18544,PROMISE_TO_PAY
9926,NOT_CONTACTABLE
27552,RINGING
5876,PROMISE_TO_PAY
4795,RINGING
9165,FOLLOW_UP
10744,CASH_PICK_UP
8039,PROMISE_TO_PAY
14546,RINGING
10999,CASH_PICK_UP
11552,FOLLOW_UP
8143,PROMISE_TO_PAY
27314,PAID
18662,RINGING
5192,NOT_CONTACTABLE
15791,PAID
17308,NOT_CONTACTABLE
12595,PAID
18521,NOT_CONTACTABLE
5401,PAID
21089,PROMISE_TO_PAY
29925,RINGING
13075,PROMISE_TO_PAY
16186,PAID
3622,FOLLOW_UP
14572,PROMISE_TO_PAY
10305,NOT_CONTACTABLE
24538,RINGING
11821,PAID
11766,PAID
11395,PROMISE_TO_PAY
21340,PROMISE_TO_PAY
14721,CASH_PICK_UP
2015,PAID
12535,RINGING
15269,RINGING
5792,PAID
15369,PROMISE_TO_PAY
25406,PAID
13745,PROMISE_TO_PAY
11642,PROMISE_TO_PAY
22445,RINGING
14933,NOT_CONTACTABLE
28329,CASH_PICK_UP
9421,PAID
15645,PAID
9449,NOT_CONTACTABLE
24394,RINGING
17745,PROMISE_TO_PAY
22716,RINGING
19067,CASH_PICK_UP
12872,PAID
21739,PROMISE_TO_PAY
23186,RINGING
8001,RINGING
21336,PROMISE_TO_PAY
20012,RINGING
2434,RINGING
9448,PROMISE_TO_PAY
28230,PROMISE_TO_PAY
28068,PROMISE_TO_PAY
28051,RINGING
6797,PROMISE_TO_PAY
7165,PROMISE_TO_PAY
22664,RINGING
6918,PAID
6207,RINGING
18244,RINGING
5748,PAID
3100,PROMISE_TO_PAY
12469,FOLLOW_UP
19822,PROMISE_TO_PAY
26890,PROMISE_TO_PAY
10701,RINGING
18666,RINGING
16971,RINGING
15106,RINGING
6502,PAID
6804,CASH_PICK_UP
12843,CASH_PICK_UP
15690,RINGING
14482,FOLLOW_UP
2658,PAID
25119,RINGING
23617,PAID
24278,RINGING
28874,RINGING
28529,PAID
13911,PROMISE_TO_PAY
7969,RINGING
19166,RINGING
13529,RINGING
11938,CASH_PICK_UP
10469,PAID
24769,FOLLOW_UP
10763,RINGING
11107,CASH_PICK_UP
9137,PROMISE_TO_PAY
5998,RINGING
7174,PROMISE_TO_PAY
20824,PROMISE_TO_PAY
19496,CASH_PICK_UP
28629,CASH_PICK_UP
26266,NOT_WILLING_TO_PAY
12994,CASH_PICK_UP
28881,RINGING
4922,PROMISE_TO_PAY
23934,PAID
15397,PROMISE_TO_PAY
27733,RINGING
22080,CASH_PICK_UP
15429,PROMISE_TO_PAY
25313,PAID
2875,FOLLOW_UP
21677,NOT_CONTACTABLE
7535,PROMISE_TO_PAY
10550,PROMISE_TO_PAY
26081,PROMISE_TO_PAY
15458,PAID
6767,PROMISE_TO_PAY
13187,PROMISE_TO_PAY
23961,RINGING
8776,PROMISE_TO_PAY
19637,PROMISE_TO_PAY
28130,RINGING
11589,PROMISE_TO_PAY
4752,RINGING
20636,NOT_CONTACTABLE
22058,PROMISE_TO_PAY
18340,RINGING
14087,PAID
12572,PROMISE_TO_PAY
10854,PROMISE_TO_PAY
11027,CASH_PICK_UP
4912,CASH_PICK_UP
4877,CASH_PICK_UP
21292,RINGING
25474,PROMISE_TO_PAY
17570,PAID
12104,PAID
22770,PAID
13158,RINGING
10864,PAID
11972,PAID
23676,NOT_CONTACTABLE
7099,PAID
26009,RINGING
11153,CASH_PICK_UP
29114,FOLLOW_UP
22939,PROMISE_TO_PAY
19341,RINGING
11305,PROMISE_TO_PAY
26213,PAID
20089,RINGING
12410,PAID
16522,RINGING
27802,PAID
9081,RINGING
18695,PROMISE_TO_PAY
23144,PAID
18014,PROMISE_TO_PAY
21236,PAID
4379,PAID
29167,PROMISE_TO_PAY
13190,RINGING
21050,CASH_PICK_UP
6081,PROMISE_TO_PAY
22253,CASH_PICK_UP
12900,PAID
12205,PAID
6195,NOT_CONTACTABLE
19101,CASH_PICK_UP
26338,PAID
26602,RINGING
11031,FOLLOW_UP
23585,PAID
28315,CASH_PICK_UP
10426,CASH_PICK_UP
11605,PROMISE_TO_PAY
18143,PAID
19832,NOT_CONTACTABLE
1745,PAID
28785,CASH_PICK_UP
12654,RINGING
4998,PAID
1958,PAID
4318,PROMISE_TO_PAY
24894,PAID
20463,PROMISE_TO_PAY
25096,NOT_CONTACTABLE
12405,RINGING
8729,PAID
7296,CASH_PICK_UP
15396,PROMISE_TO_PAY
14179,NOT_CONTACTABLE
20003,RINGING
20004,RINGING
17293,PAID
23350,PAID
11057,CASH_PICK_UP
16255,FOLLOW_UP
16531,PAID
25489,PAID
4904,CASH_PICK_UP
10671,RINGING
25035,CASH_PICK_UP
1862,PAID
18680,CASH_PICK_UP
11100,CASH_PICK_UP
5648,PROMISE_TO_PAY
13603,FOLLOW_UP
6951,PAID
10274,RINGING
25215,PROMISE_TO_PAY
11784,RINGING
23741,RINGING
29140,RINGING
12412,PAID
21252,NOT_CONTACTABLE
25536,CASH_PICK_UP
18665,CASH_PICK_UP
11011,CASH_PICK_UP
17126,CASH_PICK_UP
29226,CASH_PICK_UP
11803,CASH_PICK_UP
14067,NOT_CONTACTABLE
22382,CASH_PICK_UP
28131,PAID
12207,PAID
24406,FOLLOW_UP
20211,RINGING
19142,RINGING
27426,PROMISE_TO_PAY
3405,PAID
17361,NOT_CONTACTABLE
14885,CASH_PICK_UP
12100,PAID
13007,NOT_CONTACTABLE
2088,PAID
28024,FOLLOW_UP
2074,PAID
19612,CASH_PICK_UP
27739,RINGING
11529,RINGING
7961,PAID
28552,RINGING
20512,RINGING
5794,PAID
15575,RINGING
11832,PAID
12880,FOLLOW_UP
22488,RINGING
20890,RINGING
24605,RINGING
22297,RINGING
16276,RINGING
14938,FOLLOW_UP
4462,RINGING
24040,NOT_CONTACTABLE
10181,PAID
28970,RINGING
26824,PROMISE_TO_PAY
28562,RINGING
20204,NOT_CONTACTABLE
12253,PAID
26528,RINGING
23732,PROMISE_TO_PAY
22417,CASH_PICK_UP
27730,RINGING
21314,PAID
26258,RINGING
6808,RINGING
26923,RINGING
8072,PROMISE_TO_PAY
23198,RINGING
11674,PROMISE_TO_PAY
6034,NOT_CONTACTABLE
22440,PAID
25433,PROMISE_TO_PAY
27749,CASH_PICK_UP
8190,PROMISE_TO_PAY
26546,PROMISE_TO_PAY
1240,PAID
7934,RINGING
11802,PROMISE_TO_PAY
4953,CASH_PICK_UP
2803,RINGING
18721,NOT_CONTACTABLE
24349,RINGING
20859,PAID
17335,RINGING
17117,PAID
21643,RINGING
4897,FOLLOW_UP
22285,RINGING
7159,CASH_PICK_UP
25343,CASH_PICK_UP
3965,FOLLOW_UP
15663,PAID
1709,PAID
4979,PAID
14560,NOT_CONTACTABLE
29492,RINGING
16552,PROMISE_TO_PAY
4363,PAID
27575,PAID
2091,PAID
6454,RINGING
2776,NOT_CONTACTABLE
1260,PAID
5907,PROMISE_TO_PAY
28636,NOT_CONTACTABLE
28490,PAID
24589,PAID
26004,RINGING
23843,RINGING
14937,NOT_CONTACTABLE
16643,FOLLOW_UP
27969,NOT_CONTACTABLE
22951,PAID
19099,CASH_PICK_UP
13124,PAID
29176,RINGING
27262,NOT_CONTACTABLE
22203,PAID
6689,PROMISE_TO_PAY
24294,NOT_CONTACTABLE
16256,RINGING
21822,NOT_CONTACTABLE
17285,PAID
24708,NOT_CONTACTABLE
15441,PROMISE_TO_PAY
23855,PAID
16238,RINGING
24941,RINGING
5969,PAID
25387,CASH_PICK_UP
25335,PAID
5300,PROMISE_TO_PAY
29398,RINGING
25310,PAID
25292,PAID
23594,PAID
15008,PAID
24126,RINGING
11758,RINGING
16876,RINGING
15728,PAID
17991,CASH_PICK_UP
22461,PAID
20381,NOT_CONTACTABLE
20893,PAID
27039,RINGING
25283,CASH_PICK_UP
25745,NOT_CONTACTABLE
16111,PROMISE_TO_PAY
16483,RINGING
29450,RINGING
5152,PROMISE_TO_PAY
3701,CASH_PICK_UP
12180,CASH_PICK_UP
10404,CASH_PICK_UP
24627,PAID
28277,RINGING
20246,PAID
26289,PAID
6076,PROMISE_TO_PAY
29733,FOLLOW_UP
14609,CASH_PICK_UP
25920,NOT_CONTACTABLE
10681,CASH_PICK_UP
13512,RINGING
14562,CASH_PICK_UP
11985,PAID
25575,RINGING
25289,PAID
19516,RINGING
24777,NOT_CONTACTABLE
26221,PAID
22799,PROMISE_TO_PAY
25843,CASH_PICK_UP
11792,PAID
15631,PAID
29179,RINGING
17087,CASH_PICK_UP
7321,RINGING
8864,PAID
26621,RINGING
22698,NOT_CONTACTABLE
7964,RINGING
13015,FOLLOW_UP
18576,PAID
16520,NOT_CONTACTABLE
13028,NOT_CONTACTABLE
22435,RINGING
9521,NOT_CONTACTABLE
1970,PAID
5682,RINGING
29915,NOT_CONTACTABLE
3481,PROMISE_TO_PAY
8787,NOT_CONTACTABLE
22376,CASH_PICK_UP
24711,FOLLOW_UP
11332,PAID
21465,NOT_CONTACTABLE
13898,PROMISE_TO_PAY
14300,CASH_PICK_UP
7280,CASH_PICK_UP
23156,PAID
20722,NOT_WILLING_TO_PAY
23600,RINGING
29805,CASH_PICK_UP
5768,NOT_CONTACTABLE
15185,PAID
15766,CASH_PICK_UP
5908,PROMISE_TO_PAY
20836,NOT_CONTACTABLE
5501,FOLLOW_UP
4373,CASH_PICK_UP
21501,PROMISE_TO_PAY
25037,CASH_PICK_UP
13988,RINGING
6350,PROMISE_TO_PAY
28149,PAID
17995,RINGING
9882,FOLLOW_UP
29058,FOLLOW_UP
16886,PROMISE_TO_PAY
9487,PAID
19653,PROMISE_TO_PAY
28045,RINGING
5602,FOLLOW_UP
16163,CASH_PICK_UP
1608,PAID
21830,PAID
19339,PROMISE_TO_PAY
28295,PAID
18495,PAID
21102,RINGING
29131,RINGING
28306,RINGING
29782,CASH_PICK_UP
14900,PROMISE_TO_PAY
4264,PROMISE_TO_PAY
16463,CASH_PICK_UP
26432,RINGING
18220,PAID
20874,PAID
9552,NOT_CONTACTABLE
14459,PROMISE_TO_PAY
4878,PROMISE_TO_PAY
12029,PAID
29135,RINGING
27968,CASH_PICK_UP
14918,PROMISE_TO_PAY
26711,RINGING
3649,NOT_CONTACTABLE
7443,PROMISE_TO_PAY
28885,CASH_PICK_UP
12873,PAID
20646,PAID
26940,RINGING
10383,FOLLOW_UP
22992,NOT_CONTACTABLE
19231,PAID
26525,CASH_PICK_UP
20759,CASH_PICK_UP
1727,PAID
1191,PAID
29078,RINGING
10592,RINGING
26174,PAID
4590,RINGING
11468,PROMISE_TO_PAY
24327,RINGING
4241,PROMISE_TO_PAY
13572,PROMISE_TO_PAY
23721,RINGING
23640,PAID
18468,PAID
23063,PROMISE_TO_PAY
5632,PROMISE_TO_PAY
9143,PROMISE_TO_PAY
5059,PROMISE_TO_PAY
17887,PROMISE_TO_PAY
26048,RINGING
7915,RINGING
26733,PAID
23036,RINGING
25801,CASH_PICK_UP
9613,CASH_PICK_UP
29423,CASH_PICK_UP
24770,NOT_CONTACTABLE
26020,PAID
15320,PROMISE_TO_PAY
8746,PROMISE_TO_PAY
18720,CASH_PICK_UP
23736,RINGING
27805,PAID
4845,PROMISE_TO_PAY
25404,PAID
2787,RINGING
10837,PAID
16394,NOT_CONTACTABLE
19837,PAID
27806,PAID
8882,RINGING
19137,RINGING
22219,RINGING
20616,CASH_PICK_UP
14318,PROMISE_TO_PAY
29128,RINGING
3672,PAID
10821,NOT_WILLING_TO_PAY
4091,CASH_PICK_UP
24407,RINGING
26184,CASH_PICK_UP
8377,PROMISE_TO_PAY
25965,RINGING
11310,PAID
25813,CASH_PICK_UP
24539,CASH_PICK_UP
29336,RINGING
9806,NOT_CONTACTABLE
2622,CASH_PICK_UP
13495,RINGING
4080,FOLLOW_UP
28928,PROMISE_TO_PAY
11406,PAID
19405,NOT_CONTACTABLE
17738,RINGING
16632,RINGING
10494,PROMISE_TO_PAY
23916,FOLLOW_UP
5292,CASH_PICK_UP
11978,PROMISE_TO_PAY
28596,PAID
11465,PROMISE_TO_PAY
22249,RINGING
5079,PROMISE_TO_PAY
25574,RINGING
21860,CASH_PICK_UP
13995,CASH_PICK_UP
4540,CASH_PICK_UP
15322,FOLLOW_UP
2539,CASH_PICK_UP
17169,NOT_CONTACTABLE
28545,PROMISE_TO_PAY
15349,NOT_CONTACTABLE
28016,RINGING
16102,RINGING
15659,PAID
17689,RINGING
14667,PROMISE_TO_PAY
8166,PROMISE_TO_PAY
1288,PAID
6937,PROMISE_TO_PAY
3305,PROMISE_TO_PAY
18160,RINGING
1282,PAID
21410,CASH_PICK_UP
2680,PROMISE_TO_PAY
5229,PROMISE_TO_PAY
20416,PROMISE_TO_PAY
25483,PROMISE_TO_PAY
10596,FOLLOW_UP
12798,PROMISE_TO_PAY
17258,PROMISE_TO_PAY
19899,RINGING
17765,PAID
9319,PROMISE_TO_PAY
12705,PROMISE_TO_PAY
27827,PAID
22671,PROMISE_TO_PAY
3990,RINGING
14632,RINGING
22259,RINGING
15069,PROMISE_TO_PAY
17744,RINGING
27865,CASH_PICK_UP
10233,FOLLOW_UP
4349,PAID
20427,PROMISE_TO_PAY
21403,CASH_PICK_UP
15561,NOT_CONTACTABLE
11930,PROMISE_TO_PAY
23709,RINGING
18174,RINGING
8594,NOT_CONTACTABLE
20522,NOT_WILLING_TO_PAY
24243,PROMISE_TO_PAY
19997,RINGING
15393,PROMISE_TO_PAY
14069,PAID
11855,PAID
3584,FOLLOW_UP
26062,RINGING
25159,PROMISE_TO_PAY
16859,PAID
11163,PROMISE_TO_PAY
10300,NOT_WILLING_TO_PAY
5745,PAID
21667,RINGING
8390,PROMISE_TO_PAY
4609,PROMISE_TO_PAY
14176,CASH_PICK_UP
14488,PROMISE_TO_PAY
16757,RINGING
19181,CASH_PICK_UP
9533,NOT_CONTACTABLE
25419,CASH_PICK_UP
9177,NOT_CONTACTABLE
9692,NOT_CONTACTABLE
15334,PROMISE_TO_PAY
6125,NOT_CONTACTABLE
6006,FOLLOW_UP
10362,RINGING
13897,RINGING
26073,PROMISE_TO_PAY
2907,NOT_CONTACTABLE
16092,PAID
6766,PAID
29449,NOT_CONTACTABLE
17456,PAID
6455,PROMISE_TO_PAY
25218,RINGING
28350,RINGING
26523,NOT_CONTACTABLE
25819,CASH_PICK_UP
7166,RINGING
10978,RINGING
25526,CASH_PICK_UP
24088,NOT_CONTACTABLE
18944,NOT_CONTACTABLE
4734,PAID
24094,NOT_CONTACTABLE
28448,CASH_PICK_UP
6383,RINGING
16763,PROMISE_TO_PAY
23708,RINGING
25582,CASH_PICK_UP
3683,NOT_CONTACTABLE
20143,CASH_PICK_UP
19394,PROMISE_TO_PAY
29926,FOLLOW_UP
18620,NOT_CONTACTABLE
13021,PAID
11608,PROMISE_TO_PAY
27060,NOT_CONTACTABLE
1816,PAID
26428,RINGING
4891,FOLLOW_UP
14177,NOT_CONTACTABLE
27046,PAID
9824,PROMISE_TO_PAY
22428,CASH_PICK_UP
14974,PAID
11664,FOLLOW_UP
8809,PROMISE_TO_PAY
9611,PAID
3395,PAID
16435,NOT_WILLING_TO_PAY
6124,FOLLOW_UP
15703,NOT_CONTACTABLE
11435,PAID
23009,RINGING
9927,PROMISE_TO_PAY
26369,PROMISE_TO_PAY
16203,FOLLOW_UP
25938,RINGING
2590,PROMISE_TO_PAY
6446,NOT_WILLING_TO_PAY
21523,PROMISE_TO_PAY
15730,PAID
2379,PAID
1077,PAID
27498,RINGING
9190,PROMISE_TO_PAY
21379,PROMISE_TO_PAY
16817,PAID
28567,RINGING
3399,PAID
6245,RINGING
28527,PAID
24563,FOLLOW_UP
24772,NOT_CONTACTABLE
20726,PAID
22443,RINGING
3993,PROMISE_TO_PAY
6202,RINGING
10251,PROMISE_TO_PAY
21752,CASH_PICK_UP
9350,PROMISE_TO_PAY
13751,RINGING
16398,RINGING
8617,RINGING
28231,RINGING
17756,PROMISE_TO_PAY
23199,CASH_PICK_UP
27497,RINGING
28085,FOLLOW_UP
6988,RINGING
23917,PAID
9299,PROMISE_TO_PAY
22961,NOT_CONTACTABLE
9691,NOT_CONTACTABLE
18773,RINGING
8962,PAID
17650,PROMISE_TO_PAY
16457,RINGING
23990,RINGING
20696,PROMISE_TO_PAY
6310,PAID
9352,PROMISE_TO_PAY
14857,CASH_PICK_UP
24908,PAID
5928,RINGING
4511,RINGING
11634,PROMISE_TO_PAY
11412,PAID
28102,RINGING
21254,FOLLOW_UP
26598,RINGING
26875,RINGING
14502,PAID
28663,PAID
20657,PAID
2387,CASH_PICK_UP
25153,PAID
17210,PROMISE_TO_PAY
5733,RINGING
28558,PROMISE_TO_PAY
29914,NOT_CONTACTABLE
24892,PAID
18498,PROMISE_TO_PAY
16562,PAID
23226,NOT_CONTACTABLE
27334,CASH_PICK_UP
6225,RINGING
1281,PAID
25939,RINGING
15039,RINGING
5127,PROMISE_TO_PAY
3469,RINGING
10346,PROMISE_TO_PAY
9461,NOT_CONTACTABLE
14365,CASH_PICK_UP
25287,PAID
21821,PROMISE_TO_PAY
8870,PAID
12044,RINGING
25204,RINGING
8138,PROMISE_TO_PAY
12252,PAID
6114,PROMISE_TO_PAY
8803,PROMISE_TO_PAY
14987,RINGING
17535,PROMISE_TO_PAY
2044,PAID
22451,PAID
19812,CASH_PICK_UP
24132,RINGING
12524,CASH_PICK_UP
11321,PAID
26173,PAID
18469,PAID
14617,CASH_PICK_UP
4030,NOT_CONTACTABLE
17152,PAID
21782,CASH_PICK_UP
23058,RINGING
29213,PAID
23179,PAID
4817,PROMISE_TO_PAY
16249,PAID
5205,RINGING
13634,PROMISE_TO_PAY
29185,PAID
4724,FOLLOW_UP
1197,PAID
20115,RINGING
10421,RINGING
23376,NOT_CONTACTABLE
3026,PROMISE_TO_PAY
29116,RINGING
20704,CASH_PICK_UP
26088,PROMISE_TO_PAY
28942,NOT_CONTACTABLE
20057,PAID
4772,PROMISE_TO_PAY
24904,PAID
2744,PAID
19205,FOLLOW_UP
4426,PAID
18794,PAID
22047,FOLLOW_UP
12050,RINGING
2165,PAID
20753,RINGING
17259,PROMISE_TO_PAY
10861,PROMISE_TO_PAY
8731,PAID
27993,PAID
12552,PROMISE_TO_PAY
23027,RINGING
8626,RINGING
23994,PROMISE_TO_PAY
16590,RINGING
5189,PAID
20895,RINGING
29639,PAID
11818,CASH_PICK_UP
4784,RINGING
22323,RINGING
16979,RINGING
28066,PROMISE_TO_PAY
20705,PROMISE_TO_PAY
11200,NOT_CONTACTABLE
12388,RINGING
3370,PAID
27746,CASH_PICK_UP
16271,PROMISE_TO_PAY
18338,CASH_PICK_UP
25136,RINGING
20196,RINGING
26056,PAID
5886,RINGING
8297,CASH_PICK_UP
27214,NOT_CONTACTABLE
4608,PROMISE_TO_PAY
6031,RINGING
24945,RINGING
27876,RINGING
21748,RINGING
11117,CASH_PICK_UP
13214,PAID
5231,PROMISE_TO_PAY
29276,PAID
21832,PROMISE_TO_PAY
22133,PAID
24936,RINGING
25079,FOLLOW_UP
9093,FOLLOW_UP
17363,PROMISE_TO_PAY
11516,PROMISE_TO_PAY
6234,NOT_CONTACTABLE
10328,PROMISE_TO_PAY
26337,NOT_CONTACTABLE
20393,PROMISE_TO_PAY
9015,PAID
2708,CASH_PICK_UP
12879,RINGING
2626,RINGING
4291,CASH_PICK_UP
14047,NOT_CONTACTABLE
4191,PROMISE_TO_PAY
6320,PROMISE_TO_PAY
8591,PAID
29829,FOLLOW_UP
16212,PAID
10221,PROMISE_TO_PAY
12868,PAID
19967,RINGING
12647,PAID
11592,PROMISE_TO_PAY
14739,RINGING
2041,PAID
9594,CASH_PICK_UP
9654,CASH_PICK_UP
4265,PAID
2605,NOT_CONTACTABLE
28940,NOT_CONTACTABLE
14118,RINGING
20217,RINGING
28481,RINGING
21235,PAID
6447,PAID
3443,FOLLOW_UP
16418,RINGING
29736,RINGING
11071,PAID
21888,PAID
17235,PROMISE_TO_PAY
21134,CASH_PICK_UP
21649,PROMISE_TO_PAY
18993,NOT_CONTACTABLE
9206,PAID
13195,RINGING
8386,PROMISE_TO_PAY
9447,PROMISE_TO_PAY
14484,FOLLOW_UP
3957,NOT_CONTACTABLE
3736,PAID
28876,RINGING
27815,RINGING
6052,PROMISE_TO_PAY
3299,PAID
13084,PAID
1235,PAID
12095,PROMISE_TO_PAY
26689,RINGING
10464,PROMISE_TO_PAY
18400,CASH_PICK_UP
19087,CASH_PICK_UP
13137,PAID
4086,RINGING
13801,PROMISE_TO_PAY
12602,PAID
15917,RINGING
6464,NOT_CONTACTABLE
20160,PAID
4368,RINGING
4879,PAID
11052,PROMISE_TO_PAY
10916,NOT_CONTACTABLE
15765,NOT_WILLING_TO_PAY
7070,NOT_CONTACTABLE
25378,NOT_CONTACTABLE
5190,PROMISE_TO_PAY
29641,RINGING
4950,RINGING
25586,CASH_PICK_UP
13148,PAID
28601,PROMISE_TO_PAY
20403,PAID
18639,PAID
21289,PROMISE_TO_PAY
22659,CASH_PICK_UP
21473,PROMISE_TO_PAY
16301,PAID
28888,FOLLOW_UP
16017,PROMISE_TO_PAY
19196,PROMISE_TO_PAY
15668,NOT_CONTACTABLE
22766,PAID
27062,NOT_CONTACTABLE
28479,PROMISE_TO_PAY
12400,NOT_CONTACTABLE
6329,RINGING
15922,PROMISE_TO_PAY
6459,NOT_CONTACTABLE
28852,PAID
26696,RINGING
16580,RINGING
13842,PAID
22142,PROMISE_TO_PAY
6026,PAID
16447,FOLLOW_UP
7181,PROMISE_TO_PAY
28282,CASH_PICK_UP
5032,FOLLOW_UP
14593,PROMISE_TO_PAY
21275,CASH_PICK_UP
8895,RINGING
14529,NOT_CONTACTABLE
25818,PAID
19406,RINGING
3445,PAID
24934,RINGING
28775,RINGING
9843,PROMISE_TO_PAY
18689,PROMISE_TO_PAY
27907,PAID
11992,PAID
14397,RINGING
7886,RINGING
28920,PROMISE_TO_PAY
24731,PAID
7153,NOT_CONTACTABLE
19479,NOT_CONTACTABLE
13083,RINGING
28866,RINGING
19659,PAID
20662,NOT_CONTACTABLE
9021,PAID
19474,RINGING
19608,CASH_PICK_UP
10706,NOT_CONTACTABLE
15964,CASH_PICK_UP
12676,RINGING
27868,CASH_PICK_UP
10850,RINGING
26996,RINGING
8863,RINGING
24322,PAID
18005,PAID
3292,PAID
13560,PROMISE_TO_PAY
25296,PAID
9516,RINGING
3578,FOLLOW_UP
28573,RINGING
26035,RINGING
7928,PROMISE_TO_PAY
15911,RINGING
2545,PAID
27469,RINGING
5532,PROMISE_TO_PAY
21333,CASH_PICK_UP
11263,PAID
10933,CASH_PICK_UP
9865,RINGING
13092,PAID
18991,RINGING
5717,RINGING
23861,PAID
29296,PROMISE_TO_PAY
23601,RINGING
18588,PROMISE_TO_PAY
8337,PAID
11746,PROMISE_TO_PAY
13020,PAID
28372,RINGING
14491,PAID
2424,NOT_CONTACTABLE
20066,RINGING
13916,PAID
29661,CASH_PICK_UP
6391,PAID
26921,RINGING
12267,PAID
23275,PAID
4220,NOT_CONTACTABLE
19407,NOT_CONTACTABLE
11549,NOT_CONTACTABLE
28651,NOT_CONTACTABLE
21794,CASH_PICK_UP
28869,RINGING
12434,PROMISE_TO_PAY
24264,RINGING
6440,PAID
14150,NOT_CONTACTABLE
12505,PROMISE_TO_PAY
11445,PROMISE_TO_PAY
23598,PAID
16650,CASH_PICK_UP
16207,PAID
4380,NOT_CONTACTABLE
17217,PAID
23534,PAID
4591,PROMISE_TO_PAY
14690,CASH_PICK_UP
19023,RINGING
12644,CASH_PICK_UP
2453,PROMISE_TO_PAY
26362,RINGING
6941,RINGING
29903,PAID
8369,PROMISE_TO_PAY
22350,RINGING
1199,PAID
9070,RINGING
22097,CASH_PICK_UP
24641,NOT_CONTACTABLE
12391,CASH_PICK_UP
21493,NOT_CONTACTABLE
14688,CASH_PICK_UP
9491,NOT_CONTACTABLE
3314,PAID
18798,PAID
23201,PROMISE_TO_PAY
8749,RINGING
26929,RINGING
16978,RINGING
20628,RINGING
22803,PAID
12068,PROMISE_TO_PAY
2817,RINGING
18494,FOLLOW_UP
16502,PAID
9306,PROMISE_TO_PAY
29740,PROMISE_TO_PAY
29663,PROMISE_TO_PAY
8202,PROMISE_TO_PAY
15630,PAID
15337,CASH_PICK_UP
26228,PAID
12784,NOT_CONTACTABLE
2102,PAID
9201,RINGING
17596,NOT_CONTACTABLE
29802,PROMISE_TO_PAY
11733,NOT_CONTACTABLE
14031,RINGING
7587,CASH_PICK_UP
15377,PROMISE_TO_PAY
22682,CASH_PICK_UP
28321,PAID
11498,NOT_CONTACTABLE
1294,PAID
17566,FOLLOW_UP
8869,PAID
5304,PROMISE_TO_PAY
18063,PAID
21156,RINGING
15665,PAID
20423,PROMISE_TO_PAY
20995,PAID
1810,PAID
28575,PROMISE_TO_PAY
15675,NOT_CONTACTABLE
21446,FOLLOW_UP
13474,PAID
12584,RINGING
8900,RINGING
9478,PAID
8547,NOT_CONTACTABLE
8284,RINGING
8277,PROMISE_TO_PAY
11984,PAID
7509,FOLLOW_UP
29652,FOLLOW_UP
6975,RINGING
3901,NOT_CONTACTABLE
24412,CASH_PICK_UP
24930,RINGING
5851,NOT_CONTACTABLE
17673,PROMISE_TO_PAY
28938,PROMISE_TO_PAY
15778,NOT_CONTACTABLE
22439,PAID
28281,RINGING
27564,PROMISE_TO_PAY
23271,PAID
22656,NOT_CONTACTABLE
5776,NOT_CONTACTABLE
22332,PROMISE_TO_PAY
9469,RINGING
14953,PROMISE_TO_PAY
7168,FOLLOW_UP
28566,RINGING
4464,NOT_CONTACTABLE
18120,CASH_PICK_UP
29386,PAID
20838,RINGING
10279,CASH_PICK_UP
8584,NOT_CONTACTABLE
20297,CASH_PICK_UP
29215,PAID
14494,PROMISE_TO_PAY
25377,RINGING
17493,PROMISE_TO_PAY
26376,NOT_CONTACTABLE
24579,CASH_PICK_UP
5451,PROMISE_TO_PAY
16528,CASH_PICK_UP
25877,PROMISE_TO_PAY
18064,RINGING
5443,PAID
25954,PROMISE_TO_PAY
27041,RINGING
7977,PROMISE_TO_PAY
6428,NOT_CONTACTABLE
3989,PROMISE_TO_PAY
21076,PROMISE_TO_PAY
12603,PAID
29383,CASH_PICK_UP
7263,PAID
25199,FOLLOW_UP
27348,PROMISE_TO_PAY
6189,PROMISE_TO_PAY
13772,RINGING
27273,NOT_CONTACTABLE
3709,RINGING
25430,PROMISE_TO_PAY
23138,RINGING
3627,RINGING
28215,RINGING
1719,PAID
4557,PROMISE_TO_PAY
5535,PROMISE_TO_PAY
20056,PAID
20513,RINGING
27856,RINGING
18088,PAID
24520,FOLLOW_UP
22945,PAID
3951,PAID
26715,NOT_CONTACTABLE
29637,CASH_PICK_UP
2909,PAID
11914,RINGING
4917,CASH_PICK_UP
11156,PROMISE_TO_PAY
26664,RINGING
6821,PROMISE_TO_PAY
19046,PAID
4365,RINGING
19349,NOT_WILLING_TO_PAY
4202,PROMISE_TO_PAY
22121,PAID
29501,RINGING
26283,CASH_PICK_UP
6406,PROMISE_TO_PAY
13743,PAID
26855,CASH_PICK_UP
12924,PROMISE_TO_PAY
15626,RINGING
11837,PAID
16789,PROMISE_TO_PAY
11560,CASH_PICK_UP
27245,CASH_PICK_UP
20664,RINGING
19629,PAID
6786,RINGING
21239,PAID
25352,CASH_PICK_UP
9618,PAID
23301,FOLLOW_UP
19996,NOT_CONTACTABLE
5246,PAID
21087,RINGING
20526,RINGING
14993,PAID
22371,CASH_PICK_UP
23214,PROMISE_TO_PAY
22403,CASH_PICK_UP
13996,PAID
14916,PROMISE_TO_PAY
25946,RINGING
29109,CASH_PICK_UP
16280,RINGING
6044,PAID
25968,RINGING
20436,PAID
23324,RINGING
29787,CASH_PICK_UP
24587,PAID
29929,PAID
10429,RINGING
27325,CASH_PICK_UP
12615,RINGING
26692,RINGING
6762,RINGING
26886,PROMISE_TO_PAY
2657,PAID
1861,PAID
19882,PAID
4888,FOLLOW_UP
22617,RINGING
21281,RINGING
2706,RINGING
9498,PAID
3057,PROMISE_TO_PAY
27523,PROMISE_TO_PAY
8532,RINGING
21053,RINGING
14436,RINGING
8974,NOT_CONTACTABLE
16609,NOT_CONTACTABLE
21164,PAID
13093,PAID
29115,RINGING
21528,CASH_PICK_UP
12259,PAID
3658,PROMISE_TO_PAY
1292,PAID
20997,RINGING
19346,PROMISE_TO_PAY
23000,RINGING
3952,PAID
26384,PAID
10994,CASH_PICK_UP
25043,RINGING
25538,PROMISE_TO_PAY
14950,NOT_WILLING_TO_PAY
26192,PROMISE_TO_PAY
21670,PROMISE_TO_PAY
23265,PROMISE_TO_PAY
16589,PROMISE_TO_PAY
4963,NOT_CONTACTABLE
26224,RINGING
29274,RINGING
25189,RINGING
14399,CASH_PICK_UP
20007,RINGING
10948,PROMISE_TO_PAY
22070,FOLLOW_UP
26724,NOT_CONTACTABLE
6822,RINGING
22296,PROMISE_TO_PAY
4902,FOLLOW_UP
6520,RINGING
19699,PROMISE_TO_PAY
20185,PAID
9528,PROMISE_TO_PAY
12119,CASH_PICK_UP
16921,CASH_PICK_UP
23040,CASH_PICK_UP
17135,PROMISE_TO_PAY
29471,NOT_CONTACTABLE
25500,CASH_PICK_UP
24384,PAID
24332,RINGING
15981,NOT_CONTACTABLE
16880,PAID
29123,RINGING
15019,PAID
29300,RINGING
13846,RINGING
5795,PAID
14945,NOT_CONTACTABLE
1386,PAID
22710,RINGING
5595,PAID
12779,RINGING
23979,PAID
12402,CASH_PICK_UP
24725,NOT_WILLING_TO_PAY
25294,PAID
10778,RINGING
11667,PAID
15590,CASH_PICK_UP
27332,PROMISE_TO_PAY
24873,NOT_WILLING_TO_PAY
14377,PAID
7088,CASH_PICK_UP
16659,PAID
29094,RINGING
29839,RINGING
26205,CASH_PICK_UP
28257,CASH_PICK_UP
25511,PAID
8034,PROMISE_TO_PAY
28095,RINGING
2049,PAID
16266,RINGING
14121,CASH_PICK_UP
10330,RINGING
9915,PROMISE_TO_PAY
19070,CASH_PICK_UP
6798,FOLLOW_UP
14851,CASH_PICK_UP
14824,PROMISE_TO_PAY
9082,RINGING
16197,PAID
14599,RINGING
18736,PROMISE_TO_PAY
4833,CASH_PICK_UP
16774,NOT_CONTACTABLE
23389,PROMISE_TO_PAY
14856,CASH_PICK_UP
16970,CASH_PICK_UP
21330,CASH_PICK_UP
7889,NOT_CONTACTABLE
8329,PAID
12777,PROMISE_TO_PAY
15463,PAID
23587,RINGING
23240,NOT_CONTACTABLE
5176,PAID
10844,PROMISE_TO_PAY
25578,PROMISE_TO_PAY
5511,PROMISE_TO_PAY
20068,PAID
11528,CASH_PICK_UP
12854,PAID
8551,PAID
28439,PAID
20418,PROMISE_TO_PAY
4087,PAID
26028,RINGING
20860,RINGING
11828,PAID
29302,RINGING
16869,CASH_PICK_UP
18642,RINGING
27755,RINGING
22075,FOLLOW_UP
23962,RINGING
10275,PROMISE_TO_PAY
16500,PAID
20107,NOT_CONTACTABLE
21313,PAID
6205,NOT_CONTACTABLE
8229,PROMISE_TO_PAY
28145,NOT_CONTACTABLE
14836,PROMISE_TO_PAY
14504,PAID
20145,RINGING
19195,NOT_CONTACTABLE
4398,PAID
23222,CASH_PICK_UP
12387,PROMISE_TO_PAY
22059,CASH_PICK_UP
8117,PROMISE_TO_PAY
28633,PROMISE_TO_PAY
16486,RINGING
15564,PAID
4818,CASH_PICK_UP
15933,PAID
10678,NOT_CONTACTABLE
29165,RINGING
18983,PAID
13098,PROMISE_TO_PAY
29199,PROMISE_TO_PAY
29853,NOT_CONTACTABLE
6259,RINGING
24657,RINGING
4746,PROMISE_TO_PAY
9877,RINGING
15378,PROMISE_TO_PAY
29168,RINGING
6631,PAID
3585,PROMISE_TO_PAY
13891,PAID
22744,FOLLOW_UP
19047,PAID
16895,PROMISE_TO_PAY
13470,PAID
21112,RINGING
16958,CASH_PICK_UP
3614,NOT_CONTACTABLE
23662,CASH_PICK_UP
16103,PAID
8901,RINGING
17499,PROMISE_TO_PAY
12140,PAID
11533,RINGING
21638,RINGING
10339,PROMISE_TO_PAY
17857,PROMISE_TO_PAY
3455,PROMISE_TO_PAY
21719,PROMISE_TO_PAY
15010,PAID
22124,PAID
5757,NOT_CONTACTABLE
16942,RINGING
13590,RINGING
27084,NOT_CONTACTABLE
18069,PAID
17215,PAID
26012,CASH_PICK_UP
27715,PAID
10442,RINGING
26627,NOT_CONTACTABLE
28664,PAID
19876,PAID
26153,RINGING
12480,PROMISE_TO_PAY
18261,PROMISE_TO_PAY
10474,PAID
5235,RINGING
29908,RINGING
11068,PAID
5122,PROMISE_TO_PAY
26083,PROMISE_TO_PAY
15536,PAID
23264,PROMISE_TO_PAY
3140,PROMISE_TO_PAY
4955,PAID
28793,RINGING
4526,RINGING
28657,NOT_CONTACTABLE
17273,PAID
22725,NOT_CONTACTABLE
22112,PAID
19425,NOT_CONTACTABLE
5675,FOLLOW_UP
9180,PROMISE_TO_PAY
26511,CASH_PICK_UP
24071,PAID
11499,NOT_CONTACTABLE
15627,RINGING
2024,PAID
15323,PROMISE_TO_PAY
14055,FOLLOW_UP
11975,PAID
14985,PAID
9172,RINGING
18878,PAID
25507,CASH_PICK_UP
6787,PROMISE_TO_PAY
10729,FOLLOW_UP
23728,PROMISE_TO_PAY
24516,PAID
8499,RINGING
19069,CASH_PICK_UP
24379,PROMISE_TO_PAY
25794,RINGING
9542,NOT_CONTACTABLE
26367,RINGING
22383,CASH_PICK_UP
4842,PAID
19111,CASH_PICK_UP
20746,RINGING
5604,NOT_CONTACTABLE
9658,RINGING
5525,PAID
12796,NOT_CONTACTABLE
11583,PROMISE_TO_PAY
25480,PROMISE_TO_PAY
26594,PROMISE_TO_PAY
25522,CASH_PICK_UP
1609,NOT_WILLING_TO_PAY
19616,PAID
29067,CASH_PICK_UP
21459,CASH_PICK_UP
17484,PROMISE_TO_PAY
26286,PAID
14871,CASH_PICK_UP
11437,PAID
8701,PROMISE_TO_PAY
22389,CASH_PICK_UP
23637,PAID
23300,CASH_PICK_UP
21049,CASH_PICK_UP
20906,NOT_CONTACTABLE
19889,CASH_PICK_UP
6070,RINGING
6223,CASH_PICK_UP
6387,RINGING
16628,NOT_CONTACTABLE
25038,PAID
28658,PAID
8690,RINGING
19185,NOT_WILLING_TO_PAY
2801,PAID
29561,CASH_PICK_UP
8873,PAID
12112,FOLLOW_UP
2784,FOLLOW_UP
5380,NOT_CONTACTABLE
14110,CASH_PICK_UP
26149,PROMISE_TO_PAY
12530,FOLLOW_UP
17232,CASH_PICK_UP
7537,PROMISE_TO_PAY
11860,PAID
19758,PAID
15472,PAID
22711,NOT_CONTACTABLE
14473,PAID
11517,RINGING
12060,NOT_CONTACTABLE
22148,PAID
25970,RINGING
22727,NOT_CONTACTABLE
8898,PROMISE_TO_PAY
1263,PAID
15090,PROMISE_TO_PAY
15372,PROMISE_TO_PAY
3570,RINGING
17572,PROMISE_TO_PAY
2722,RINGING
11515,FOLLOW_UP
8127,PROMISE_TO_PAY
12455,PAID
11894,CASH_PICK_UP
15568,FOLLOW_UP
21106,PROMISE_TO_PAY
11546,NOT_CONTACTABLE
12840,NOT_CONTACTABLE
11744,PROMISE_TO_PAY
19610,PAID
4251,PAID
22138,PAID
14678,CASH_PICK_UP
20015,PROMISE_TO_PAY
10193,RINGING
17204,FOLLOW_UP
9499,PROMISE_TO_PAY
3450,FOLLOW_UP
13208,PROMISE_TO_PAY
17007,PROMISE_TO_PAY
28005,RINGING
18518,PAID
25331,CASH_PICK_UP
13765,CASH_PICK_UP
9075,RINGING
19512,PROMISE_TO_PAY
11017,CASH_PICK_UP
20912,RINGING
15642,PAID
17288,NOT_CONTACTABLE
9030,PROMISE_TO_PAY
25573,RINGING
7155,FOLLOW_UP
8897,PROMISE_TO_PAY
7590,CASH_PICK_UP
9593,CASH_PICK_UP
23425,PROMISE_TO_PAY
11378,PROMISE_TO_PAY
15302,PAID
1407,PAID
10641,FOLLOW_UP
28948,RINGING
25810,FOLLOW_UP
5211,PAID
14418,CASH_PICK_UP
25835,CASH_PICK_UP
8184,PROMISE_TO_PAY
10959,RINGING
17166,RINGING
6517,RINGING
4561,PROMISE_TO_PAY
19675,PAID
28143,PROMISE_TO_PAY
29827,RINGING
23840,PAID
29468,NOT_CONTACTABLE
22821,RINGING
28232,CASH_PICK_UP
20630,RINGING
28517,RINGING
4854,PAID
4584,RINGING
4422,RINGING
18628,RINGING
22722,RINGING
25982,PAID
26616,RINGING
11286,PROMISE_TO_PAY
13164,RINGING
15420,PROMISE_TO_PAY
22360,NOT_CONTACTABLE
19313,CASH_PICK_UP
24045,NOT_CONTACTABLE
21650,PAID
13516,PAID
27080,NOT_CONTACTABLE
9296,PROMISE_TO_PAY
23715,NOT_CONTACTABLE
22673,CASH_PICK_UP
28681,PAID
28015,RINGING
16812,PAID
11001,CASH_PICK_UP
18783,PROMISE_TO_PAY
5417,FOLLOW_UP
22213,RINGING
24898,PAID
29118,NOT_CONTACTABLE
25593,CASH_PICK_UP
28609,PROMISE_TO_PAY
21774,CASH_PICK_UP
18584,PAID
1728,PAID
4283,PROMISE_TO_PAY
7096,PROMISE_TO_PAY
21443,PROMISE_TO_PAY
8497,RINGING
16405,CASH_PICK_UP
5169,FOLLOW_UP
16477,RINGING
3303,PAID
11663,PROMISE_TO_PAY
9483,PROMISE_TO_PAY
4513,RINGING
5309,PROMISE_TO_PAY
11579,PROMISE_TO_PAY
27834,RINGING
25423,RINGING
13145,PROMISE_TO_PAY
2727,PAID
29872,RINGING
20094,CASH_PICK_UP
17691,CASH_PICK_UP
21488,NOT_CONTACTABLE
27171,RINGING
26560,PAID
17697,RINGING
20840,RINGING
29315,RINGING
9617,PAID
22412,CASH_PICK_UP
14391,CASH_PICK_UP
17755,RINGING
14398,NOT_CONTACTABLE
27291,CASH_PICK_UP
2636,RINGING
23681,RINGING
20458,RINGING
15294,RINGING
26080,PROMISE_TO_PAY
2028,PAID
27501,PAID
16283,CASH_PICK_UP
28637,CASH_PICK_UP
12199,PROMISE_TO_PAY
14581,CASH_PICK_UP
28133,RINGING
26588,RINGING
6248,RINGING
3044,PROMISE_TO_PAY
21255,CASH_PICK_UP
21928,PROMISE_TO_PAY
29305,RINGING
10922,PROMISE_TO_PAY
1878,PAID
6936,RINGING
22784,NOT_CONTACTABLE
14393,RINGING
29863,RINGING
10725,FOLLOW_UP
10248,RINGING
6260,FOLLOW_UP
17121,PAID
23935,CASH_PICK_UP
14835,PROMISE_TO_PAY
18223,PAID
22831,RINGING
7920,PROMISE_TO_PAY
19868,CASH_PICK_UP
11273,RINGING
27525,RINGING
5587,PAID
25449,RINGING
4484,NOT_CONTACTABLE
1167,PROMISE_TO_PAY
3527,PAID
13562,PROMISE_TO_PAY
17386,PAID
26206,RINGING
26830,NOT_CONTACTABLE
26544,NOT_CONTACTABLE
14556,CASH_PICK_UP
7157,RINGING
9341,PROMISE_TO_PAY
11755,NOT_CONTACTABLE
6374,NOT_CONTACTABLE
21749,RINGING
4790,PROMISE_TO_PAY
25751,NOT_CONTACTABLE
28289,PROMISE_TO_PAY
2833,NOT_CONTACTABLE
28924,PROMISE_TO_PAY
12063,PROMISE_TO_PAY
5177,PROMISE_TO_PAY
27487,PROMISE_TO_PAY
17243,PROMISE_TO_PAY
26262,NOT_CONTACTABLE
10354,RINGING
3674,PAID
29503,NOT_CONTACTABLE
8954,RINGING
15439,RINGING
23958,RINGING
24368,PAID
3942,NOT_CONTACTABLE
8704,PROMISE_TO_PAY
21334,PAID
6656,PAID
29461,NOT_CONTACTABLE
15605,FOLLOW_UP
20872,PAID
29432,RINGING
15616,PROMISE_TO_PAY
20195,RINGING
8162,PROMISE_TO_PAY
29509,PAID
12037,RINGING
27752,RINGING
16407,PROMISE_TO_PAY
12674,PROMISE_TO_PAY
20908,NOT_CONTACTABLE
17869,RINGING
22348,CASH_PICK_UP
18255,PROMISE_TO_PAY
4161,PAID
6201,PAID
17709,RINGING
2065,PAID
18235,PAID
23364,RINGING
24863,RINGING
19115,CASH_PICK_UP
15427,PROMISE_TO_PAY
17505,PROMISE_TO_PAY
19114,CASH_PICK_UP
5573,PAID
9166,PAID
2876,RINGING
26725,NOT_CONTACTABLE
10979,PROMISE_TO_PAY
12450,PAID
7880,PROMISE_TO_PAY
25590,CASH_PICK_UP
27352,NOT_CONTACTABLE
28679,FOLLOW_UP
24369,CASH_PICK_UP
20431,PAID
15410,PROMISE_TO_PAY
3542,NOT_CONTACTABLE
18552,PAID
13471,PAID
1342,PAID
28675,CASH_PICK_UP
20663,PAID
16084,CASH_PICK_UP
24974,RINGING
17720,CASH_PICK_UP
20437,PAID
9662,FOLLOW_UP
11003,CASH_PICK_UP
8871,PAID
14518,CASH_PICK_UP
20876,PAID
29273,RINGING
14967,PAID
21676,PROMISE_TO_PAY
2227,PAID
19844,NOT_CONTACTABLE
9293,PROMISE_TO_PAY
6257,PROMISE_TO_PAY
15398,PROMISE_TO_PAY
23326,RINGING
20435,PAID
18969,PAID
16326,PAID
13070,PAID
29214,PAID
28274,NOT_CONTACTABLE
25416,PROMISE_TO_PAY
15035,NOT_CONTACTABLE
19340,RINGING
12797,FOLLOW_UP
21005,CASH_PICK_UP
24621,PAID
4806,FOLLOW_UP
27167,CASH_PICK_UP
3687,PAID
13887,PROMISE_TO_PAY
22130,PAID
7926,PAID
9746,RINGING
18676,NOT_CONTACTABLE
14086,PROMISE_TO_PAY
5911,FOLLOW_UP
15225,PROMISE_TO_PAY
4721,NOT_CONTACTABLE
2445,NOT_CONTACTABLE
10963,NOT_CONTACTABLE
6047,RINGING
12799,PROMISE_TO_PAY
26852,CASH_PICK_UP
9092,FOLLOW_UP
24883,PAID
13508,RINGING
5509,PROMISE_TO_PAY
26592,NOT_CONTACTABLE
26899,PROMISE_TO_PAY
29428,PAID
14914,CASH_PICK_UP
28902,PAID
23167,RINGING
17349,CASH_PICK_UP
25169,PROMISE_TO_PAY
5586,PROMISE_TO_PAY
1936,PAID
14911,RINGING
29665,RINGING
9225,PROMISE_TO_PAY
28065,PROMISE_TO_PAY
23582,PAID
17740,PROMISE_TO_PAY
28659,NOT_CONTACTABLE
19440,PAID
13156,RINGING
28617,PROMISE_TO_PAY
11535,PAID
23029,RINGING
10617,PROMISE_TO_PAY
11869,PAID
8939,RINGING
24535,RINGING
21191,PAID
22288,FOLLOW_UP
24767,NOT_CONTACTABLE
14192,NOT_CONTACTABLE
6700,PAID
17999,PAID
11788,PAID
23150,PAID
8298,RINGING
1623,PAID
2222,PAID
11211,RINGING
8285,CASH_PICK_UP
8692,PROMISE_TO_PAY
14152,PROMISE_TO_PAY
8091,PROMISE_TO_PAY
27872,NOT_CONTACTABLE
18193,NOT_CONTACTABLE
22126,PAID
12106,PAID
3639,PAID
29886,NOT_CONTACTABLE
5514,PROMISE_TO_PAY
5477,PAID
5778,NOT_CONTACTABLE
9417,RINGING
24050,RINGING
12059,PROMISE_TO_PAY
19984,RINGING
17314,PAID
6460,RINGING
8020,PROMISE_TO_PAY
14664,PROMISE_TO_PAY
19848,PROMISE_TO_PAY
20685,CASH_PICK_UP
23710,RINGING
16112,PROMISE_TO_PAY
24616,RINGING
4077,PROMISE_TO_PAY
20631,PAID
14686,CASH_PICK_UP
20449,PAID
23643,PAID
26433,RINGING
11671,PROMISE_TO_PAY
10273,PROMISE_TO_PAY
21072,PROMISE_TO_PAY
28053,RINGING
17162,PAID
12834,PAID
26299,CASH_PICK_UP
28089,NOT_CONTACTABLE
20520,CASH_PICK_UP
6041,PROMISE_TO_PAY
25213,RINGING
18099,CASH_PICK_UP
27579,PAID
13739,CASH_PICK_UP
11977,NOT_CONTACTABLE
11575,PROMISE_TO_PAY
21003,RINGING
25545,CASH_PICK_UP
26186,CASH_PICK_UP
11404,RINGING
5185,NOT_CONTACTABLE
6579,NOT_CONTACTABLE
2254,PAID
28955,NOT_WILLING_TO_PAY
21885,CASH_PICK_UP
11645,PROMISE_TO_PAY
26242,PROMISE_TO_PAY
21683,PAID
14565,CASH_PICK_UP
5364,PROMISE_TO_PAY
15609,PROMISE_TO_PAY
18394,PAID
21041,NOT_CONTACTABLE
15043,NOT_CONTACTABLE
27797,PAID
4769,PROMISE_TO_PAY
13713,PAID
29210,RINGING
8521,PAID
10595,CASH_PICK_UP
8221,PROMISE_TO_PAY
17376,NOT_CONTACTABLE
17727,RINGING
14573,PROMISE_TO_PAY
4606,PROMISE_TO_PAY
17110,PROMISE_TO_PAY
27914,CASH_PICK_UP
6390,PAID
14082,PAID
21194,RINGING
2603,RINGING
27512,RINGING
17892,PAID
14598,RINGING
12190,PAID
3377,RINGING
23079,RINGING
10306,PROMISE_TO_PAY
25414,FOLLOW_UP
24858,RINGING
15696,FOLLOW_UP
29211,PAID
14386,PROMISE_TO_PAY
11773,PROMISE_TO_PAY
12373,PAID
10924,PROMISE_TO_PAY
12943,PROMISE_TO_PAY
27417,PROMISE_TO_PAY
13574,RINGING
19613,RINGING
14065,PAID
20400,RINGING
28355,CASH_PICK_UP
12271,CASH_PICK_UP
19965,RINGING
20126,RINGING
13774,PROMISE_TO_PAY
2944,CASH_PICK_UP
2574,CASH_PICK_UP
26623,RINGING
22991,CASH_PICK_UP
21489,RINGING
28476,RINGING
8921,PROMISE_TO_PAY
21729,RINGING
26694,RINGING
1692,PAID
25475,CASH_PICK_UP
27858,RINGING
18631,NOT_CONTACTABLE
16916,RINGING
29901,PROMISE_TO_PAY
20634,PAID
25784,PAID
12507,PAID
18687,PROMISE_TO_PAY
21772,CASH_PICK_UP
26078,PAID
21877,CASH_PICK_UP
23404,PAID
23343,PAID
6758,PROMISE_TO_PAY
16525,CASH_PICK_UP
23516,PROMISE_TO_PAY
13009,PAID
29227,RINGING
6585,CASH_PICK_UP
10629,NOT_CONTACTABLE
14889,CASH_PICK_UP
8645,PROMISE_TO_PAY
1737,PAID
9924,PROMISE_TO_PAY
27406,PAID
24644,RINGING
1884,PAID
19408,NOT_CONTACTABLE
23982,PAID
12376,PAID
19890,RINGING
4861,PROMISE_TO_PAY
8914,FOLLOW_UP
20020,PROMISE_TO_PAY
23646,PAID
8597,NOT_CONTACTABLE
27641,PROMISE_TO_PAY
20624,NOT_CONTACTABLE
13101,PAID
11897,CASH_PICK_UP
13699,PAID
5857,PROMISE_TO_PAY
28771,RINGING
26306,RINGING
10920,RINGING
11125,CASH_PICK_UP
18215,RINGING
23936,CASH_PICK_UP
16541,PAID
4973,PROMISE_TO_PAY
27534,PAID
12582,FOLLOW_UP
4924,PROMISE_TO_PAY
13591,NOT_CONTACTABLE
2884,CASH_PICK_UP
24715,PROMISE_TO_PAY
27444,NOT_CONTACTABLE
19660,PAID
14537,PROMISE_TO_PAY
8782,PAID
25556,CASH_PICK_UP
16810,NOT_CONTACTABLE
21869,CASH_PICK_UP
19461,PAID
29699,PROMISE_TO_PAY
2097,PAID
26675,PROMISE_TO_PAY
23609,PROMISE_TO_PAY
14509,RINGING
10299,PROMISE_TO_PAY
29309,PROMISE_TO_PAY
14843,PROMISE_TO_PAY
5402,CASH_PICK_UP
18214,CASH_PICK_UP
2588,PROMISE_TO_PAY
5679,RINGING
2538,CASH_PICK_UP
17111,RINGING
5467,PROMISE_TO_PAY
24013,PROMISE_TO_PAY
21069,PROMISE_TO_PAY
20856,RINGING
19021,PAID
26927,RINGING
10930,RINGING
20127,NOT_CONTACTABLE
23981,PAID
13152,PROMISE_TO_PAY
10418,RINGING
23590,PAID
10773,PAID
10356,CASH_PICK_UP
24397,PROMISE_TO_PAY
7284,CASH_PICK_UP
24048,RINGING
12269,PAID
25969,PAID
22652,NOT_CONTACTABLE
20650,RINGING
6232,NOT_CONTACTABLE
9633,PAID
28270,CASH_PICK_UP
21030,PROMISE_TO_PAY
20493,RINGING
11519,CASH_PICK_UP
24364,PAID
4453,PAID
8936,NOT_CONTACTABLE
5639,PAID
10303,RINGING
27735,RINGING
25034,PROMISE_TO_PAY
15707,NOT_CONTACTABLE
20129,PROMISE_TO_PAY
16927,PROMISE_TO_PAY
9646,FOLLOW_UP
22505,RINGING
19330,RINGING
19332,PROMISE_TO_PAY
12379,PROMISE_TO_PAY
29731,RINGING
21471,RINGING
17587,RINGING
1250,PAID
16410,PAID
24150,PAID
26253,RINGING
21441,PROMISE_TO_PAY
27287,NOT_CONTACTABLE
6809,FOLLOW_UP
7261,PAID
24079,PAID
25472,PROMISE_TO_PAY
6789,PAID
1626,PAID
26406,PAID
29883,NOT_CONTACTABLE
21738,CASH_PICK_UP
17291,PAID
17306,NOT_CONTACTABLE
8780,RINGING
16909,CASH_PICK_UP
20891,CASH_PICK_UP
13210,RINGING
12599,PAID
23933,RINGING
18483,PAID
14548,CASH_PICK_UP
26585,NOT_CONTACTABLE
22792,NOT_CONTACTABLE
22830,RINGING
22104,NOT_CONTACTABLE
27637,RINGING
4751,CASH_PICK_UP
28237,RINGING
8237,PROMISE_TO_PAY
29653,RINGING
12684,NOT_CONTACTABLE
5343,PAID
20996,PAID
2794,PROMISE_TO_PAY
23354,RINGING
24388,RINGING
24783,RINGING
27810,RINGING
21380,PROMISE_TO_PAY
1704,PAID
25203,NOT_CONTACTABLE
3539,PAID
6215,RINGING
16432,RINGING
27643,PROMISE_TO_PAY
14383,PAID
7057,PROMISE_TO_PAY
27863,RINGING
26681,RINGING
8695,FOLLOW_UP
16532,PAID
18934,PROMISE_TO_PAY
21476,CASH_PICK_UP
20167,PROMISE_TO_PAY
9044,NOT_CONTACTABLE
5035,CASH_PICK_UP
29797,CASH_PICK_UP
4451,PROMISE_TO_PAY
5610,NOT_CONTACTABLE
16488,RINGING
4116,PAID
4156,NOT_CONTACTABLE
26597,RINGING
27248,CASH_PICK_UP
28582,PROMISE_TO_PAY
8023,PROMISE_TO_PAY
16844,PAID
15643,PAID
15962,NOT_CONTACTABLE
8544,CASH_PICK_UP
4589,NOT_CONTACTABLE
25570,RINGING
23845,NOT_CONTACTABLE
25426,RINGING
19320,CASH_PICK_UP
10877,PAID
13013,PAID
7107,FOLLOW_UP
28137,PROMISE_TO_PAY
6297,NOT_CONTACTABLE
2688,PROMISE_TO_PAY
16232,RINGING
7063,CASH_PICK_UP
29928,RINGING
2038,PAID
19144,PAID
5891,RINGING
14733,CASH_PICK_UP
12479,FOLLOW_UP
13706,PAID
17284,RINGING
10921,RINGING
9167,PROMISE_TO_PAY
17677,CASH_PICK_UP
21691,PAID
25564,RINGING
6228,NOT_CONTACTABLE
23697,RINGING
9465,NOT_CONTACTABLE
12789,RINGING
23292,RINGING
20395,NOT_CONTACTABLE
29469,NOT_CONTACTABLE
5896,PROMISE_TO_PAY
10406,PROMISE_TO_PAY
25162,CASH_PICK_UP
7585,CASH_PICK_UP
11573,PROMISE_TO_PAY
12829,FOLLOW_UP
16404,PAID
6136,PROMISE_TO_PAY
11158,CASH_PICK_UP
15006,CASH_PICK_UP
12839,FOLLOW_UP
1246,PAID
3588,PROMISE_TO_PAY
14526,CASH_PICK_UP
29303,PROMISE_TO_PAY
2571,PAID
27265,RINGING
28642,PAID
27411,NOT_CONTACTABLE
15978,RINGING
23281,PAID
23164,RINGING
15182,RINGING
15733,PAID
1933,PAID
26936,RINGING
15573,RINGING
25187,FOLLOW_UP
10368,PAID
24295,RINGING
26307,RINGING
19801,NOT_CONTACTABLE
12408,PAID
20729,PROMISE_TO_PAY
21702,PAID
29739,CASH_PICK_UP
11637,PROMISE_TO_PAY
24687,RINGING
21346,PROMISE_TO_PAY
22456,CASH_PICK_UP
28969,RINGING
20547,RINGING
4023,RINGING
10476,PAID
7917,PROMISE_TO_PAY
16120,PAID
10297,RINGING
21819,RINGING
4909,CASH_PICK_UP
18179,PAID
3403,PAID
24383,RINGING
1206,PAID
6646,PROMISE_TO_PAY
6568,RINGING
16260,PROMISE_TO_PAY
15003,PROMISE_TO_PAY
26150,PROMISE_TO_PAY
23965,RINGING
3651,NOT_WILLING_TO_PAY
8961,PAID
27288,RINGING
10287,RINGING
20412,RINGING
26543,CASH_PICK_UP
5170,PROMISE_TO_PAY
23209,CASH_PICK_UP
19079,CASH_PICK_UP
21325,PROMISE_TO_PAY
7242,PROMISE_TO_PAY
18476,PAID
8129,PROMISE_TO_PAY
29147,RINGING
27518,PROMISE_TO_PAY
29101,PAID
26651,PAID
27281,NOT_CONTACTABLE
24274,NOT_CONTACTABLE
26396,RINGING
6650,RINGING
17371,PROMISE_TO_PAY
23847,CASH_PICK_UP
13513,PROMISE_TO_PAY
11460,NOT_CONTACTABLE
13510,NOT_CONTACTABLE
16235,NOT_CONTACTABLE
9414,CASH_PICK_UP
16523,PAID
14716,CASH_PICK_UP
28925,NOT_CONTACTABLE
22629,PAID
22989,NOT_CONTACTABLE
4372,PROMISE_TO_PAY
18057,PAID
15664,NOT_CONTACTABLE
27446,NOT_CONTACTABLE
4528,NOT_CONTACTABLE
18217,PAID
21902,RINGING
10423,RINGING
15046,NOT_CONTACTABLE
15931,NOT_CONTACTABLE
12123,FOLLOW_UP
11543,PROMISE_TO_PAY
12484,PAID
23430,RINGING
9000,PAID
26060,NOT_CONTACTABLE
3582,NOT_CONTACTABLE
17159,PAID
24300,CASH_PICK_UP
14883,PROMISE_TO_PAY
4715,RINGING
16274,RINGING
6039,PAID
6253,PROMISE_TO_PAY
28983,PROMISE_TO_PAY
18578,PAID
4367,PAID
3400,FOLLOW_UP
24338,PROMISE_TO_PAY
4815,NOT_CONTACTABLE
24041,RINGING
23357,RINGING
15104,NOT_CONTACTABLE
6375,PROMISE_TO_PAY
11473,RINGING
6496,PROMISE_TO_PAY
4798,PROMISE_TO_PAY
2083,PAID
13753,PAID
15788,PROMISE_TO_PAY
2887,PAID
6188,CASH_PICK_UP
17006,PROMISE_TO_PAY
10439,PAID
11189,RINGING
9028,PROMISE_TO_PAY
12858,PROMISE_TO_PAY
11620,PROMISE_TO_PAY
12485,PAID
13035,RINGING
23288,RINGING
6456,CASH_PICK_UP
26374,NOT_CONTACTABLE
20420,PAID
2329,PAID
1982,PAID
12832,NOT_CONTACTABLE
9004,PROMISE_TO_PAY
12573,PAID
17185,PROMISE_TO_PAY
12051,RINGING
24026,PROMISE_TO_PAY
27011,RINGING
22367,RINGING
9825,NOT_CONTACTABLE
19091,CASH_PICK_UP
25291,PAID
21973,CASH_PICK_UP
6392,PAID
10183,PAID
7045,NOT_CONTACTABLE
18887,PROMISE_TO_PAY
14015,PAID
22763,FOLLOW_UP
23238,PROMISE_TO_PAY
7152,NOT_CONTACTABLE
11523,PAID
25923,NOT_CONTACTABLE
6530,PAID
12466,PROMISE_TO_PAY
19632,PAID
24547,RINGING
9612,CASH_PICK_UP
21863,CASH_PICK_UP
6036,PAID
25832,CASH_PICK_UP
25036,CASH_PICK_UP
14698,CASH_PICK_UP
22670,CASH_PICK_UP
25436,RINGING
7524,PROMISE_TO_PAY
18682,CASH_PICK_UP
4890,FOLLOW_UP
4465,FOLLOW_UP
28144,RINGING
19327,NOT_CONTACTABLE
25782,CASH_PICK_UP
29464,PROMISE_TO_PAY
8198,RINGING
5909,NOT_CONTACTABLE
24801,NOT_CONTACTABLE
5819,PROMISE_TO_PAY
15105,RINGING
26590,RINGING
23268,RINGING
24135,RINGING
20298,NOT_CONTACTABLE
29458,NOT_CONTACTABLE
2037,PAID
4333,CASH_PICK_UP
24862,RINGING
5653,PAID
2689,PAID
7993,PROMISE_TO_PAY
28886,CASH_PICK_UP
16573,PAID
26732,PAID
22408,CASH_PICK_UP
18892,PROMISE_TO_PAY
23320,RINGING
7169,FOLLOW_UP
26363,NOT_CONTACTABLE
20828,RINGING
18701,RINGING
19900,PROMISE_TO_PAY
12008,PROMISE_TO_PAY
10471,PAID
25338,CASH_PICK_UP
16125,CASH_PICK_UP
6376,PAID
9595,CASH_PICK_UP
3634,PROMISE_TO_PAY
12625,CASH_PICK_UP
22778,PAID
19209,FOLLOW_UP
4992,PAID
4844,PROMISE_TO_PAY
26868,RINGING
10618,PROMISE_TO_PAY
19871,PROMISE_TO_PAY
22172,PROMISE_TO_PAY
18079,PAID
9193,PROMISE_TO_PAY
13766,PAID
10936,RINGING
1271,PROMISE_TO_PAY
27505,PAID
22125,PAID
18269,FOLLOW_UP
15053,PROMISE_TO_PAY
6500,PAID
29080,RINGING
14815,RINGING
13497,RINGING
13790,CASH_PICK_UP
9114,RINGING
6770,NOT_CONTACTABLE
13563,PROMISE_TO_PAY
14319,PROMISE_TO_PAY
5625,PROMISE_TO_PAY
15895,CASH_PICK_UP
13051,PROMISE_TO_PAY
10946,PROMISE_TO_PAY
17647,PROMISE_TO_PAY
18560,NOT_CONTACTABLE
25812,PAID
15746,RINGING
22972,NOT_CONTACTABLE
15471,FOLLOW_UP
27882,NOT_CONTACTABLE
7283,RINGING
27286,RINGING
24927,PROMISE_TO_PAY
14687,CASH_PICK_UP
16333,PAID
5336,NOT_CONTACTABLE
9805,PROMISE_TO_PAY
18939,PAID
29841,RINGING
24253,PROMISE_TO_PAY
15417,PROMISE_TO_PAY
18950,RINGING
12504,RINGING
15748,PROMISE_TO_PAY
23999,RINGING
2898,PAID
26930,RINGING
10352,RINGING
14584,CASH_PICK_UP
7538,PROMISE_TO_PAY
29054,PROMISE_TO_PAY
1971,PAID
26076,PAID
23523,RINGING
10315,PROMISE_TO_PAY
12024,RINGING
11329,RINGING
9554,PAID
21496,CASH_PICK_UP
21142,PROMISE_TO_PAY
3641,NOT_WILLING_TO_PAY
5481,NOT_CONTACTABLE
23246,RINGING
9308,PROMISE_TO_PAY
5435,RINGING
27804,PAID
23168,PROMISE_TO_PAY
26679,RINGING
16164,FOLLOW_UP
7069,NOT_CONTACTABLE
5754,PAID
23592,PAID
27441,RINGING
9480,PAID
6088,PAID
10680,PROMISE_TO_PAY
25178,CASH_PICK_UP
19177,PAID
2788,FOLLOW_UP
11481,NOT_CONTACTABLE
24640,RINGING
27460,NOT_CONTACTABLE
3966,PROMISE_TO_PAY
12055,RINGING
2899,PAID
16167,CASH_PICK_UP
12672,PROMISE_TO_PAY
19908,RINGING
4001,NOT_CONTACTABLE
21288,NOT_CONTACTABLE
2792,RINGING
9492,PAID
13738,CASH_PICK_UP
26641,CASH_PICK_UP
18361,NOT_CONTACTABLE
21711,PAID
2947,CASH_PICK_UP
24111,RINGING
8248,PAID
14590,RINGING
25392,CASH_PICK_UP
28244,PAID
8507,RINGING
29878,NOT_CONTACTABLE
8255,PROMISE_TO_PAY
6121,RINGING
15662,CASH_PICK_UP
2679,RINGING
14962,RINGING
5910,NOT_CONTACTABLE
28871,RINGING
5487,PAID
18933,RINGING
3430,PAID
19206,NOT_CONTACTABLE
20509,RINGING
10444,RINGING
17344,NOT_CONTACTABLE
26819,PAID
21906,PAID
14021,CASH_PICK_UP
3949,RINGING
3412,FOLLOW_UP
10691,PROMISE_TO_PAY
8102,PROMISE_TO_PAY
22853,RINGING
17737,CASH_PICK_UP
4267,PAID
18076,PAID
9316,PAID
26175,PAID
2020,PAID
24262,RINGING
3948,PROMISE_TO_PAY
2996,PROMISE_TO_PAY
14831,PROMISE_TO_PAY
19077,CASH_PICK_UP
27420,PAID
19970,RINGING
1196,PAID
19007,PAID
26618,RINGING
12816,CASH_PICK_UP
8234,PROMISE_TO_PAY
18256,PAID
6553,RINGING
21613,CASH_PICK_UP
17176,PAID
6418,PROMISE_TO_PAY
11625,PROMISE_TO_PAY
23546,PAID
17894,PROMISE_TO_PAY
10655,RINGING
10614,PROMISE_TO_PAY
19774,RINGING
3479,FOLLOW_UP
19125,PAID
23602,PAID
28788,PAID
26535,PROMISE_TO_PAY
26318,RINGING
2412,PAID
27168,PROMISE_TO_PAY
9922,RINGING
6801,RINGING
14864,CASH_PICK_UP
26642,RINGING
4262,RINGING
4518,RINGING
18643,NOT_CONTACTABLE
8094,PROMISE_TO_PAY
16325,PROMISE_TO_PAY
23921,RINGING
28302,PROMISE_TO_PAY
10868,CASH_PICK_UP
12146,PAID
27751,RINGING
19469,RINGING
11119,CASH_PICK_UP
17534,RINGING
16563,PAID
5352,RINGING
21398,RINGING
1189,PAID
20721,RINGING
26378,PAID
3514,PAID
23558,PAID
28645,FOLLOW_UP
9842,CASH_PICK_UP
27886,NOT_CONTACTABLE
4778,PAID
28280,NOT_CONTACTABLE
27235,PROMISE_TO_PAY
28905,PAID
24601,CASH_PICK_UP
1920,PAID
27486,PROMISE_TO_PAY
2620,RINGING
20533,RINGING
6115,PROMISE_TO_PAY
12699,NOT_CONTACTABLE
23299,PROMISE_TO_PAY
1390,PAID
17304,FOLLOW_UP
11098,CASH_PICK_UP
11672,PROMISE_TO_PAY
6704,RINGING
21402,CASH_PICK_UP
14033,NOT_CONTACTABLE
1239,PROMISE_TO_PAY
11776,PROMISE_TO_PAY
